seconds,minerals_current,vespene_current,minerals_collection_rate,vespene_collection_rate,workers_active_count,minerals_used_in_progress_army,minerals_used_in_progress_economy,minerals_used_in_progress_technology,vespene_used_in_progress_army,vespene_used_in_progress_economy,vespene_used_in_progress_technology,minerals_used_current_army,minerals_used_current_economy,minerals_used_current_technology,vespene_used_current_army,vespene_used_current_economy,vespene_used_current_technology,minerals_lost_army,minerals_lost_economy,minerals_lost_technology,vespene_lost_army,vespene_lost_economy,vespene_lost_technology,minerals_killed_army,minerals_killed_economy,minerals_killed_technology,vespene_killed_army,vespene_killed_economy,vespene_killed_technology,food_used,food_made,minerals_used_active_forces,vespene_used_active_forces,ff_minerals_lost_army,ff_minerals_lost_economy,ff_minerals_lost_technology,ff_vespene_lost_army,ff_vespene_lost_economy,ff_vespene_lost_technology
0,50,0,0,0,12,0,0,0,0,0,0,0,1000,0,0,0,0,0,0,0,0,0,0,0,0,0,0,0,0,49152,61440,0,0,0,0,0,0,0,0
10,30,0,251,0,12,0,50,0,0,0,0,0,1000,0,0,0,0,0,0,0,0,0,0,0,0,0,0,0,0,53248,61440,0,0,0,0,0,0,0,0
20,70,0,671,0,13,0,50,0,0,0,0,0,1050,0,0,0,0,0,0,0,0,0,0,0,0,0,0,0,0,57344,61440,0,0,0,0,0,0,0,0
30,40,0,699,0,13,0,150,0,0,0,0,0,1050,0,0,0,0,0,0,0,0,0,0,0,0,0,0,0,0,57344,61440,0,0,0,0,0,0,0,0
40,75,0,699,0,14,0,150,0,0,0,0,0,1100,0,0,0,0,0,0,0,0,0,0,0,0,0,0,0,0,61440,61440,0,0,0,0,0,0,0,0
50,125,0,755,0,14,0,150,0,0,0,0,0,1100,0,0,0,0,0,0,0,0,0,0,0,0,0,0,0,0,61440,61440,0,0,0,0,0,0,0,0
60,55,0,783,0,15,0,50,150,0,0,0,0,1250,0,0,0,0,0,0,0,0,0,0,0,0,0,0,0,0,65536,94208,0,0,0,0,0,0,0,0
70,80,0,839,0,15,0,125,150,0,0,0,0,1250,0,0,0,0,0,0,0,0,0,0,0,0,0,0,0,0,65536,94208,0,0,0,0,0,0,0,0
80,120,0,755,0,16,0,125,150,0,0,0,0,1300,0,0,0,0,0,0,0,0,0,0,0,0,0,0,0,0,69632,94208,0,0,0,0,0,0,0,0
90,220,0,839,0,17,0,75,150,0,0,0,0,1350,0,0,0,0,0,0,0,0,0,0,0,0,0,0,0,0,69632,94208,0,0,0,0,0,0,0,0
100,265,0,839,0,17,0,50,150,0,0,0,0,1425,0,0,0,0,0,0,0,0,0,0,0,0,0,0,0,0,73728,94208,0,0,0,0,0,0,0,0
110,370,8,839,44,17,0,50,150,0,0,0,0,1425,0,0,0,0,0,0,0,0,0,0,0,0,0,0,0,0,73728,94208,0,0,0,0,0,0,0,0
120,405,28,699,134,18,0,50,150,0,0,0,0,1475,0,0,0,0,0,0,0,0,0,0,0,0,0,0,0,0,77824,94208,0,0,0,0,0,0,0,0
130,505,48,783,179,18,0,50,0,0,0,0,0,1475,150,0,0,0,0,0,0,0,0,0,0,0,0,0,0,0,77824,94208,0,0,0,0,0,0,0,0
140,395,18,783,179,19,50,150,0,50,0,0,0,1525,150,0,0,0,0,0,0,0,0,0,0,0,0,0,0,0,81920,94208,0,0,0,0,0,0,0,0
150,95,34,783,156,19,50,550,0,50,0,0,0,1525,150,0,0,0,0,0,0,0,0,0,0,0,0,0,0,0,81920,94208,0,0,0,0,0,0,0,0
160,205,54,839,156,19,50,550,0,50,0,0,0,1525,150,0,0,0,0,0,0,0,0,0,0,0,0,0,0,0,81920,94208,0,0,0,0,0,0,0,0
170,145,74,839,156,19,50,400,150,50,0,0,0,1675,150,0,0,0,0,0,0,0,0,0,0,0,0,0,0,0,81920,94208,0,0,0,0,0,0,0,0
180,140,94,811,156,19,0,400,150,0,0,0,50,1675,150,50,0,0,0,0,0,0,0,0,0,0,0,0,0,0,81920,94208,50,50,0,0,0,0,0,0
190,130,64,783,179,19,0,550,200,0,0,50,50,1675,150,50,0,0,0,0,0,0,0,0,0,0,0,0,0,0,86016,94208,50,50,0,0,0,0,0,0
200,195,84,895,179,19,0,550,200,0,0,50,50,1675,150,50,0,0,0,0,0,0,0,0,0,0,0,0,0,0,86016,94208,50,50,0,0,0,0,0,0
210,305,100,1063,156,20,0,550,200,0,0,50,50,1725,150,50,0,0,0,0,0,0,0,0,0,0,0,0,0,0,90112,94208,50,50,0,0,0,0,0,0
220,410,120,951,156,21,0,400,200,0,0,50,50,1875,150,50,0,0,0,0,0,0,0,0,0,0,0,0,0,0,90112,126976,50,50,0,0,0,0,0,0
230,535,140,1007,156,20,0,400,200,0,0,50,50,1825,150,50,0,0,0,50,0,0,0,0,0,0,0,0,0,0,86016,126976,50,50,0,0,0,0,0,0
240,545,144,951,67,18,100,400,150,0,0,0,50,1725,200,50,0,50,0,150,0,0,0,0,0,0,0,0,0,0,86016,126976,50,50,0,0,0,0,0,0
250,685,152,1007,67,18,100,0,150,0,0,0,50,2125,200,50,0,50,0,150,0,0,0,0,0,0,0,0,0,0,86016,188416,50,50,0,0,0,0,0,0
260,820,160,1035,67,18,100,0,150,0,0,0,50,2125,200,50,0,50,0,150,0,0,0,0,0,0,0,0,0,0,86016,188416,50,50,0,0,0,0,0,0
270,905,160,755,22,17,0,0,150,0,0,0,150,2075,200,50,0,50,0,200,0,0,0,0,50,0,0,50,0,0,81920,188416,150,50,0,0,0,0,0,0
280,910,160,755,0,15,100,0,150,0,0,0,150,1975,200,50,0,50,0,300,0,0,0,0,50,0,0,50,0,0,81920,188416,150,50,0,0,0,0,0,0
290,1015,160,839,0,15,100,0,150,0,0,0,150,1975,200,50,0,50,0,300,0,0,0,0,50,0,0,50,0,0,81920,188416,150,50,0,0,0,0,0,0
300,1115,160,755,0,15,0,0,0,0,0,0,250,1975,350,50,0,50,0,300,0,0,0,0,50,0,0,50,0,0,81920,188416,250,50,0,0,0,0,0,0
310,1050,135,811,0,15,100,0,50,0,0,25,200,1975,350,0,0,50,50,300,0,50,0,0,100,0,0,100,0,0,86016,188416,200,0,0,0,0,0,0,0
320,940,35,755,0,14,100,50,200,0,0,125,200,1925,350,0,0,50,50,350,0,50,0,0,100,0,0,100,0,0,86016,188416,200,0,0,0,0,0,0,0
330,1025,35,727,0,14,100,50,200,0,0,125,150,1925,350,0,0,50,100,350,0,50,0,0,100,0,0,100,0,0,81920,188416,150,0,0,0,0,0,0,0
340,1085,35,587,0,10,0,0,150,0,0,100,250,1725,400,0,0,75,100,600,0,50,0,0,150,0,0,150,0,0,61440,188416,250,0,0,0,0,0,0,0
350,1050,35,587,0,10,0,100,150,0,0,100,250,1725,400,0,0,75,100,600,0,50,0,0,300,0,0,300,0,0,69632,188416,250,0,0,0,0,0,0,0
360,1015,35,559,0,10,0,100,150,0,0,100,250,1725,400,0,0,75,100,600,0,50,0,0,300,0,0,300,0,0,69632,188416,250,0,0,0,0,0,0,0
370,925,35,531,0,12,150,100,150,0,0,100,250,1825,400,0,0,75,100,600,0,50,0,0,300,0,0,300,0,0,90112,188416,250,0,0,0,0,0,0,0
380,975,35,531,0,12,150,100,150,0,0,100,200,1825,400,0,0,75,150,600,0,50,0,0,300,0,0,300,0,0,86016,188416,200,0,0,0,0,0,0,0
390,975,35,699,0,14,50,100,150,0,0,100,150,1925,400,0,0,75,300,600,0,50,0,0,400,0,0,400,0,0,81920,188416,150,0,0,0,0,0,0,0
400,960,35,895,0,13,150,100,150,0,0,100,200,1875,400,0,0,75,300,650,0,50,0,0,400,0,0,400,0,0,90112,188416,200,0,0,0,0,0,0,0
410,1060,35,979,0,15,150,0,0,0,0,0,200,1975,550,0,0,175,300,650,0,50,0,0,400,0,0,400,0,0,90112,188416,200,0,0,0,0,0,0,0
420,1015,35,979,0,14,150,0,0,0,0,0,200,1925,550,0,0,175,300,700,0,50,0,0,400,0,0,400,0,0,86016,188416,200,0,0,0,0,0,0,0
430,985,35,1035,0,13,150,0,0,0,0,0,350,1875,550,0,0,175,300,750,0,50,0,0,450,0,0,450,0,0,94208,188416,350,0,0,0,0,0,0,0
440,995,35,979,0,13,150,100,0,0,0,0,350,1875,550,0,0,175,300,750,0,50,0,0,550,0,0,550,0,0,102400,188416,350,0,0,0,0,0,0,0
450,1090,35,1007,0,15,150,0,0,0,0,0,500,1975,550,0,0,175,300,750,0,50,0,0,550,0,0,550,0,0,114688,188416,500,0,0,0,0,0,0,0
460,900,43,783,44,15,150,175,0,0,0,0,500,1975,550,0,0,175,300,750,0,50,0,0,550,0,0,550,0,0,122880,188416,500,0,0,0,0,0,0,0
470,870,63,531,156,15,100,175,100,0,0,0,550,1975,550,0,0,175,300,750,0,50,0,0,600,0,0,600,0,0,122880,188416,550,0,0,0,0,0,0,0
480,775,79,531,156,15,150,175,100,0,0,0,650,1975,550,0,0,175,300,850,0,50,0,0,600,0,0,600,0,0,135168,188416,650,0,0,0,0,0,0,0
490,835,99,503,156,16,150,0,0,0,0,0,650,2100,550,0,0,175,300,900,100,50,0,0,600,0,0,600,0,0,131072,188416,650,0,0,0,0,0,0,0
500,905,127,531,201,15,0,0,0,0,0,0,750,2050,550,0,0,175,350,950,100,50,0,0,600,0,0,600,0,0,122880,188416,750,0,0,0,0,0,0,0
510,820,155,587,223,14,150,0,0,0,0,0,600,2000,550,0,0,175,500,1000,100,50,0,0,850,0,0,850,0,0,118784,188416,600,0,0,0,0,0,0,0
520,685,183,531,246,14,150,100,0,0,0,0,600,2000,550,0,0,175,500,1000,100,50,0,0,900,0,0,900,0,0,126976,188416,600,0,0,0,0,0,0,0
530,615,207,559,223,16,150,100,0,0,0,0,750,2100,550,0,0,175,500,1000,100,50,0,0,900,0,0,900,0,0,147456,188416,750,0,0,0,0,0,0,0
540,785,231,615,223,15,100,50,0,0,0,0,750,2050,550,0,0,175,500,1050,100,50,0,0,900,0,0,900,0,0,135168,188416,750,0,0,0,0,0,0,0
550,760,259,643,223,16,100,50,0,0,0,0,750,2100,550,0,0,175,500,1050,100,50,0,0,900,0,0,900,0,0,139264,188416,750,0,0,0,0,0,0,0
560,240,112,671,223,16,150,50,0,125,0,0,850,2100,550,0,0,175,500,1050,100,50,0,0,900,0,0,900,0,0,151552,188416,850,0,0,0,0,0,0,0
570,270,140,671,223,17,150,450,50,125,0,50,850,2150,550,0,0,175,500,1050,100,50,0,0,950,0,0,950,0,0,155648,188416,850,0,0,0,0,0,0,0
580,240,164,615,201,15,250,450,50,125,0,50,850,2050,550,0,0,175,500,1150,100,50,0,0,950,0,0,950,0,0,155648,188416,850,0,0,0,0,0,0,0
590,240,180,223,156,13,250,450,50,125,0,50,850,1950,550,0,0,175,500,1300,100,50,0,0,950,0,0,950,0,0,147456,188416,850,0,0,0,0,0,0,0
600,265,196,139,134,11,100,450,50,0,0,50,950,1850,550,125,0,175,550,1400,100,50,0,0,950,0,0,950,0,0,135168,188416,950,125,0,0,0,0,0,0
610,325,208,447,111,12,0,400,50,0,0,50,1000,1900,550,125,0,175,600,1400,100,50,0,0,950,0,0,950,0,0,131072,188416,1000,125,0,0,0,0,0,0
620,395,224,559,134,12,0,400,0,0,0,0,900,1900,600,125,0,225,700,1400,100,50,0,0,1000,0,0,1000,0,0,122880,188416,900,125,0,0,0,0,0,0
630,455,240,559,134,12,0,400,0,0,0,0,750,1900,600,125,0,225,850,1400,100,50,0,0,1200,0,0,1200,0,0,110592,188416,750,125,0,0,0,0,0,0
640,180,127,587,111,12,350,400,0,125,0,0,750,1900,600,125,0,225,850,1400,100,50,0,0,1200,0,0,1200,0,0,139264,188416,750,125,0,0,0,0,0,0
650,255,143,587,134,12,350,400,0,125,0,0,750,1900,600,125,0,225,850,1400,100,50,0,0,1200,0,0,1200,0,0,139264,188416,750,125,0,0,0,0,0,0
660,165,155,587,111,12,350,400,0,125,0,0,700,1900,600,125,0,225,900,1400,100,50,0,0,1250,0,0,1250,0,0,135168,188416,700,125,0,0,0,0,0,0
670,235,171,559,111,12,300,400,0,125,0,0,900,1900,600,125,0,225,900,1400,100,50,0,0,1250,0,0,1250,0,0,147456,188416,900,125,0,0,0,0,0,0
680,315,187,587,134,12,150,400,0,0,0,0,1050,1900,600,250,0,225,900,1400,100,50,0,0,1250,0,0,1250,0,0,147456,188416,1050,250,0,0,0,0,0,0
690,225,203,559,134,12,150,400,0,0,0,0,1200,1900,600,250,0,225,900,1400,100,50,0,0,1250,0,0,1250,0,0,159744,188416,1200,250,0,0,0,0,0,0
700,90,215,559,111,12,150,500,0,0,0,0,1200,1900,600,250,0,225,900,1400,100,50,0,0,1250,0,0,1250,0,0,167936,188416,1200,250,0,0,0,0,0,0
710,40,231,699,134,14,150,500,0,0,0,0,1250,2000,600,250,0,225,900,1400,100,50,0,0,1250,0,0,1250,0,0,180224,188416,1250,250,0,0,0,0,0,0
720,175,243,1091,111,14,50,500,0,0,0,0,1350,2000,600,250,0,225,900,1400,100,50,0,0,1250,0,0,1250,0,0,180224,188416,1350,250,0,0,0,0,0,0
730,120,259,1455,134,16,0,500,0,0,0,0,1400,2100,600,250,0,225,900,1400,100,50,0,0,1250,0,0,1250,0,0,188416,188416,1400,250,0,0,0,0,0,0
740,165,275,1483,134,16,0,500,125,0,0,0,1400,2100,600,250,0,225,900,1400,100,50,0,0,1250,0,0,1250,0,0,188416,188416,1400,250,0,0,0,0,0,0
750,120,287,1455,111,18,0,400,125,0,0,0,1400,2200,600,250,0,225,900,1400,100,50,0,0,1250,0,0,1250,0,0,188416,188416,1400,250,0,0,0,0,0,0
760,175,303,1511,111,18,0,600,125,0,0,0,1400,2200,600,250,0,225,900,1400,100,50,0,0,1250,0,0,1250,0,0,188416,188416,1400,250,0,0,0,0,0,0
770,180,190,1371,111,18,0,600,0,0,0,0,1400,2200,725,250,0,225,900,1400,100,50,0,0,1250,0,0,1250,0,0,188416,188416,1400,250,0,0,0,0,0,0
780,340,206,1399,111,18,50,650,0,0,0,0,1300,2200,725,250,0,225,1000,1400,100,50,0,0,1400,0,0,1400,0,0,188416,188416,1300,250,0,0,0,0,0,0
790,495,222,1287,134,18,350,500,0,125,0,0,750,2400,725,250,0,225,1550,1400,100,50,0,0,1800,0,0,1800,0,0,172032,253952,750,250,0,0,0,0,0,0
800,505,238,951,134,18,350,400,0,125,0,0,600,2400,725,250,0,225,1700,1500,100,50,0,0,1850,0,0,1850,0,0,151552,253952,600,250,0,0,0,0,0,0
810,480,250,699,111,17,350,400,0,125,0,0,800,2350,725,250,0,225,1700,1550,100,50,0,0,1850,0,0,1850,0,0,163840,253952,800,250,0,0,0,0,0,0
820,455,266,587,134,17,350,500,0,125,0,0,750,2350,725,250,0,225,1750,1550,100,50,0,0,1950,0,0,1950,0,0,167936,253952,750,250,0,0,0,0,0,0
830,230,278,559,111,19,150,300,0,0,0,0,950,2850,725,375,0,225,1750,1550,100,50,0,0,1950,0,0,1950,0,0,176128,315392,950,375,0,0,0,0,0,0
840,170,169,671,134,19,150,300,0,125,0,0,1100,2850,725,375,0,225,1750,1550,100,50,0,0,1950,0,0,1950,0,0,188416,315392,1100,375,0,0,0,0,0,0
850,140,185,699,134,21,150,300,0,125,0,0,1100,2950,725,375,0,225,1750,1550,100,50,0,0,1950,0,0,1950,0,0,196608,315392,1100,375,0,0,0,0,0,0
860,100,197,811,111,21,300,100,0,125,0,0,1100,3150,725,375,0,225,1750,1550,100,50,0,0,1950,0,0,1950,0,0,208896,380928,1100,375,0,0,0,0,0,0
870,90,213,755,111,23,300,100,0,125,0,0,1100,3250,725,375,0,225,1750,1550,100,50,0,0,1950,0,0,1950,0,0,217088,380928,1100,375,0,0,0,0,0,0
880,85,225,1091,111,23,0,250,0,0,0,0,1400,3250,725,500,0,225,1750,1550,100,50,0,0,1950,0,0,1950,0,0,217088,380928,1400,500,0,0,0,0,0,0
890,210,241,1175,111,25,0,150,0,0,0,0,1400,3350,725,500,0,225,1750,1550,100,50,0,0,1950,0,0,1950,0,0,217088,380928,1400,500,0,0,0,0,0,0
900,80,132,1455,134,25,250,200,0,125,0,0,1400,3350,725,500,0,225,1750,1550,100,50,0,0,1950,0,0,1950,0,0,241664,380928,1400,500,0,0,0,0,0,0
910,125,148,1651,134,25,250,350,0,125,0,0,1400,3350,725,500,0,225,1750,1550,100,50,0,0,1950,0,0,1950,0,0,241664,380928,1400,500,0,0,0,0,0,0
920,225,160,1763,111,26,200,150,0,125,0,0,1500,3550,725,500,0,225,1750,1550,100,50,0,0,1950,0,0,1950,0,0,245760,380928,1500,500,0,0,0,0,0,0
930,181,176,1651,134,26,250,150,0,125,0,0,1500,3550,725,500,0,225,1750,1550,100,50,0,0,1950,0,0,1950,0,0,249856,380928,1500,500,0,0,0,0,0,0
940,146,188,1791,111,26,100,200,300,0,0,0,1650,3550,725,625,0,225,1750,1550,100,50,0,0,1950,0,0,1950,0,0,253952,380928,1650,625,0,0,0,0,0,0
950,136,204,1763,134,26,100,100,300,0,0,0,1750,3700,725,625,0,225,1750,1550,100,50,0,0,1950,0,0,1950,0,0,266240,380928,1750,625,0,0,0,0,0,0
960,171,220,1931,134,27,200,150,300,0,0,0,1750,3750,725,625,0,225,1750,1550,100,50,0,0,1950,0,0,1950,0,0,282624,380928,1750,625,0,0,0,0,0,0
970,301,232,2015,111,29,200,150,300,0,0,0,1750,3850,725,625,0,225,1750,1550,100,50,0,0,1950,0,0,1950,0,0,290816,380928,1750,625,0,0,0,0,0,0
980,211,248,2015,111,31,100,225,300,0,0,0,1950,3950,725,625,0,225,1750,1550,100,50,0,0,1950,0,0,1950,0,0,307200,380928,1950,625,0,0,0,0,0,0
990,366,260,2043,111,33,100,250,300,0,0,0,1950,4050,725,625,0,225,1750,1550,100,50,0,0,1950,0,0,1950,0,0,311296,380928,1950,625,0,0,0,0,0,0
1000,341,76,2043,111,34,0,200,125,0,0,0,2050,4100,1025,625,0,225,1750,1550,100,50,0,0,1950,0,0,1950,0,0,311296,380928,2050,625,0,0,0,0,0,0
1010,366,17,2071,134,35,0,75,525,0,0,175,2050,4225,1025,625,0,225,1750,1550,100,50,0,0,1950,0,0,1950,0,0,311296,380928,2050,625,0,0,0,0,0,0
1020,161,41,2155,179,35,200,0,675,0,0,175,2050,4300,1025,625,0,225,1750,1550,100,50,0,0,1950,0,0,1950,0,0,327680,380928,2050,625,0,0,0,0,0,0
1030,221,69,2183,246,35,200,0,800,0,0,150,2050,4300,1200,625,0,250,1750,1550,100,50,0,0,1950,0,0,1950,0,0,327680,380928,2050,625,0,0,0,0,0,0
1040,251,113,1847,335,35,200,150,800,0,0,150,2050,4300,1200,625,0,250,1750,1550,100,50,0,0,1950,0,0,1950,0,0,339968,380928,2050,625,0,0,0,0,0,0
1050,281,165,1651,447,35,150,150,600,0,0,150,2250,4300,1400,625,0,250,1750,1550,100,50,0,0,1950,0,0,1950,0,0,352256,380928,2250,625,0,0,0,0,0,0
1060,306,96,1651,470,38,300,0,450,125,0,100,2250,4450,1550,625,0,300,1750,1550,100,50,0,0,1950,0,0,1950,0,0,364544,380928,2250,625,0,0,0,0,0,0
1070,221,156,1455,492,38,350,150,300,125,0,0,2250,4450,1700,625,0,400,1750,1550,100,50,0,0,1950,0,0,1950,0,0,380928,380928,2250,625,0,0,0,0,0,0
1080,51,236,1287,649,38,200,300,0,125,0,0,2400,4450,2000,625,0,400,1750,1550,100,50,0,0,1950,0,0,1950,0,0,380928,380928,2400,625,0,0,0,0,0,0
1090,26,112,1259,649,41,200,150,50,125,0,50,2400,4600,2000,625,0,400,1750,1550,100,50,0,0,1950,0,0,1950,0,0,380928,380928,2400,625,0,0,0,0,0,0
1100,181,188,1343,649,41,0,150,100,0,0,100,2600,4600,2000,750,0,400,1750,1550,100,50,0,0,1950,0,0,1950,0,0,380928,380928,2600,750,0,0,0,0,0,0
1110,381,264,1399,627,41,0,0,100,0,0,100,2600,4750,2000,750,0,400,1750,1550,100,50,0,0,1950,0,0,1950,0,0,380928,380928,2600,750,0,0,0,0,0,0
1120,256,360,1371,739,41,0,0,100,0,0,100,2600,4750,2000,750,0,400,1750,1550,100,50,0,0,1950,0,0,1950,0,0,380928,380928,2600,750,0,0,0,0,0,0
1130,151,231,1483,783,41,0,0,250,0,0,200,2600,4750,2000,750,0,400,1750,1550,100,50,0,0,1950,0,0,1950,0,0,380928,380928,2600,750,0,0,0,0,0,0
1140,301,323,1259,783,41,0,0,200,0,0,150,2600,4750,2050,750,0,450,1750,1550,100,50,0,0,1950,0,0,1950,0,0,380928,380928,2600,750,0,0,0,0,0,0
1150,476,415,1371,783,41,0,0,150,0,0,100,2600,4750,2100,750,0,500,1750,1550,100,50,0,0,1950,0,0,1950,0,0,380928,380928,2600,750,0,0,0,0,0,0
1160,631,503,1231,783,41,0,0,150,0,0,100,2600,4750,2100,750,0,500,1750,1550,100,50,0,0,1950,0,0,1950,0,0,380928,380928,2600,750,0,0,0,0,0,0
1170,531,595,1287,761,41,0,0,150,0,0,100,2600,4750,2100,750,0,500,1750,1550,100,50,0,0,1950,0,0,1950,0,0,380928,380928,2600,750,0,0,0,0,0,0
1180,681,687,1091,761,41,0,0,0,0,0,0,2600,4750,2250,750,0,600,1750,1550,100,50,0,0,1950,0,0,1950,0,0,380928,380928,2600,750,0,0,0,0,0,0
1190,691,633,1567,783,41,0,0,150,0,0,100,2600,4750,2250,750,0,600,1750,1550,100,50,0,0,1950,0,0,1950,0,0,380928,380928,2600,750,0,0,0,0,0,0
1200,526,354,1791,783,41,0,0,150,0,0,100,2600,4750,2250,750,0,600,1750,1550,100,50,0,0,1950,0,0,1950,0,0,380928,380928,2600,750,0,0,0,0,0,0
1210,181,446,1847,783,41,0,0,350,0,0,100,2600,4750,2250,750,0,600,1750,1550,100,50,0,0,1950,0,0,1950,0,0,380928,380928,2600,750,0,0,0,0,0,0
1220,361,538,1511,783,41,0,0,450,0,0,100,2600,4750,2250,750,0,600,1750,1550,100,50,0,0,1950,0,0,1950,0,0,380928,380928,2600,750,0,0,0,0,0,0
1230,236,650,1679,918,41,0,300,450,0,0,100,2600,4750,2250,750,0,600,1750,1550,100,50,0,0,1950,0,0,1950,0,0,380928,380928,2600,750,0,0,0,0,0,0
1240,226,562,1623,940,41,0,300,0,0,0,0,2600,4750,2700,750,0,700,1750,1550,100,50,0,0,1950,0,0,1950,0,0,380928,380928,2600,750,0,0,0,0,0,0
1250,346,632,1651,963,41,0,300,0,0,0,0,2600,4750,2700,750,0,700,1750,1550,100,50,0,0,1950,0,0,1950,0,0,380928,380928,2600,750,0,0,0,0,0,0
1260,531,752,1707,963,41,900,150,0,325,0,0,2600,5050,2700,750,0,700,1750,1550,100,50,0,0,1950,0,0,1950,0,0,466944,479232,2600,750,0,0,0,0,0,0
1270,656,868,1427,985,41,900,150,0,325,0,0,2600,5050,2700,750,0,700,1750,1550,100,50,0,0,1950,0,0,1950,0,0,466944,479232,2600,750,0,0,0,0,0,0
1280,651,988,1091,1007,44,900,150,0,325,0,0,2600,5200,2700,750,0,700,1750,1550,100,50,0,0,1950,0,0,1950,0,0,479232,479232,2600,750,0,0,0,0,0,0
1290,681,975,1315,1007,47,350,0,0,325,0,0,3150,5350,2700,750,0,700,1750,1550,100,50,0,0,1950,0,0,1950,0,0,479232,479232,3150,750,0,0,0,0,0,0
1300,856,1091,1399,985,47,0,0,0,0,0,0,3500,5350,2700,1075,0,700,1750,1550,100,50,0,0,1950,0,0,1950,0,0,479232,479232,3500,1075,0,0,0,0,0,0
1310,846,1203,1483,940,47,0,0,0,0,0,0,3500,5350,2700,1075,0,700,1750,1550,100,50,0,0,1950,0,0,1950,0,0,479232,479232,3500,1075,0,0,0,0,0,0
1320,1006,1323,1343,963,47,0,0,0,0,0,0,3500,5350,2700,1075,0,700,1750,1550,100,50,0,0,1950,0,0,1950,0,0,479232,479232,3500,1075,0,0,0,0,0,0
1330,926,1443,1371,963,47,0,0,0,0,0,0,3500,5350,2700,1075,0,700,1750,1550,100,50,0,0,1950,0,0,1950,0,0,479232,479232,3500,1075,0,0,0,0,0,0
1340,1101,1559,1455,985,47,0,0,0,0,0,0,3500,5350,2700,1075,0,700,1750,1550,100,50,0,0,1950,300,0,1950,0,0,479232,479232,3500,1075,0,0,0,0,0,0
1350,1281,1675,1455,985,47,100,100,0,0,0,0,3300,5350,2700,1075,0,700,1950,1550,100,50,0,0,1950,900,0,1950,0,0,479232,479232,3300,1075,0,0,0,0,0,0
1360,856,1487,1455,985,47,400,100,0,0,0,0,3000,5350,2700,1075,0,700,2250,1550,100,50,0,0,1950,950,0,1950,0,0,479232,479232,3000,1075,0,0,0,0,0,0
1370,821,1603,1483,963,49,1300,50,100,425,0,0,3000,5450,2700,1075,0,700,2250,1550,100,50,0,0,1950,950,0,1950,0,0,540672,544768,3000,1075,0,0,0,0,0,0
1380,486,1715,1371,918,50,950,50,200,425,0,0,3350,5500,2700,1075,0,700,2250,1550,100,50,0,0,1950,950,0,1950,0,0,544768,544768,3350,1075,0,0,0,0,0,0
1390,236,1815,1259,828,50,750,50,800,425,0,0,3550,5500,2700,1075,0,700,2250,1550,100,50,0,0,1950,950,0,1950,0,0,544768,544768,3550,1075,0,0,0,0,0,0
1400,106,1740,1231,851,51,750,0,700,425,0,0,3550,5550,2900,1075,0,700,2250,1550,100,50,0,0,1950,950,0,1950,0,0,544768,544768,3550,1075,0,0,0,0,0,0
1410,246,1844,1231,895,51,0,0,300,0,0,0,4300,5550,3300,1500,0,700,2250,1550,100,50,0,0,1950,950,0,1950,0,0,544768,544768,4300,1500,0,0,0,0,0,0
1420,406,1936,1315,828,51,0,0,0,0,0,0,4300,5550,3600,1500,0,700,2250,1550,100,50,0,0,1950,950,0,1950,0,0,544768,544768,4300,1500,0,0,0,0,0,0
1430,106,1811,1315,806,51,0,0,0,0,0,0,4300,5550,3600,1500,0,700,2250,1550,100,50,0,0,1950,950,0,1950,0,0,544768,544768,4300,1500,0,0,0,0,0,0
1440,426,1982,1399,783,51,500,0,0,150,0,0,4300,5550,3600,1500,0,700,2250,1550,100,50,0,0,1950,950,0,1950,0,0,577536,577536,4300,1500,0,0,0,0,0,0
1450,576,2086,1343,828,51,500,0,0,150,0,0,4300,5550,3600,1500,0,700,2250,1550,100,50,0,0,1950,950,0,1950,0,0,577536,577536,4300,1500,0,0,0,0,0,0
1460,736,2190,1371,851,51,300,0,0,150,0,0,4500,5550,3600,1500,0,700,2250,1550,100,50,0,0,1950,950,0,1950,0,0,577536,577536,4500,1500,0,0,0,0,0,0
1470,781,2090,1287,873,51,300,0,0,150,0,0,4500,5550,3600,1500,0,700,2250,1550,100,50,0,0,1950,950,0,1950,0,0,577536,577536,4500,1500,0,0,0,0,0,0
1480,546,2186,1371,851,51,0,0,0,0,0,0,4800,5550,3600,1650,0,700,2250,1550,100,50,0,0,1950,950,0,1950,0,0,577536,577536,4800,1650,0,0,0,0,0,0
1490,271,1857,1287,828,51,0,400,0,0,0,0,4800,5550,3600,1650,0,700,2250,1550,100,50,0,0,1950,950,0,1950,0,0,577536,577536,4800,1650,0,0,0,0,0,0
1500,146,1803,1427,783,51,0,400,0,0,0,0,4800,5550,3600,1650,0,700,2250,1550,100,50,0,0,1950,950,0,1950,0,0,577536,577536,4800,1650,0,0,0,0,0,0
1510,231,1907,1539,828,51,500,500,0,350,0,0,4800,5550,3600,1650,0,700,2250,1550,100,50,0,0,1950,950,0,1950,0,0,618496,643072,4800,1650,0,0,0,0,0,0
1520,411,2011,1483,851,53,500,400,0,350,0,0,4800,5650,3600,1650,0,700,2250,1550,100,50,0,0,1950,950,0,1950,0,0,618496,643072,4800,1650,0,0,0,0,0,0
1530,281,2111,1819,851,53,700,400,0,350,0,0,4900,5650,3600,1650,0,700,2250,1550,100,50,0,0,1950,950,0,1950,0,0,643072,643072,4900,1650,0,0,0,0,0,0
1540,266,2211,1595,873,53,700,400,200,350,0,0,4900,5650,3600,1650,0,700,2250,1550,100,50,0,0,1950,950,0,1950,0,0,643072,643072,4900,1650,0,0,0,0,0,0
1550,461,2299,1511,806,53,100,400,200,200,0,0,5500,5650,3600,1800,0,700,2250,1550,100,50,0,0,1950,950,0,1950,0,0,643072,643072,5500,1800,0,0,0,0,0,0
1560,661,2399,1623,806,53,100,400,100,200,0,0,5500,5650,3700,1800,0,700,2250,1550,100,50,0,0,1950,950,0,1950,0,0,643072,643072,5500,1800,0,0,0,0,0,0
1570,846,2503,1483,828,53,0,400,0,0,0,0,5600,5650,3800,2000,0,700,2250,1550,100,50,0,0,1950,950,0,1950,0,0,643072,643072,5600,2000,0,0,0,0,0,0
1580,1066,2607,1679,851,53,0,400,0,0,0,0,5600,5650,3800,2000,0,700,2250,1550,100,50,0,0,1950,950,0,1950,0,0,643072,643072,5600,2000,0,0,0,0,0,0
1590,1256,2707,1651,828,53,50,0,0,0,0,0,5600,6050,3800,2000,0,700,2250,1550,100,50,0,0,1950,950,0,1950,0,0,647168,704512,5600,2000,0,0,0,0,0,0
1600,1466,2801,1735,839,53,50,0,0,0,0,0,5600,6050,3800,2000,0,700,2250,1550,100,50,0,0,1950,950,0,1950,0,0,647168,704512,5600,2000,0,0,0,0,0,0
1610,1681,2881,1735,727,53,0,0,0,0,0,0,2950,6050,3800,1675,0,700,4950,1550,100,375,0,0,2700,950,0,2200,0,0,425984,704512,2950,1675,0,0,0,0,0,0
1619,1871,2957,1735,694,53,0,0,0,0,0,0,2050,6050,3800,1175,0,700,5850,1550,100,875,0,0,3200,950,0,2300,0,0,352256,704512,2050,1175,0,0,0,0,0,0
1619,1871,2957,1735,694,53,0,0,0,0,0,0,2050,6050,3800,1175,0,700,5850,1550,100,875,0,0,3200,950,0,2300,0,0,352256,704512,2050,1175,0,0,0,0,0,0
