winner,seconds,minerals_current,vespene_current,minerals_collection_rate,vespene_collection_rate,workers_active_count,minerals_used_in_progress_army,minerals_used_in_progress_economy,minerals_used_in_progress_technology,vespene_used_in_progress_army,vespene_used_in_progress_economy,vespene_used_in_progress_technology,minerals_used_current_army,minerals_used_current_economy,minerals_used_current_technology,vespene_used_current_army,vespene_used_current_economy,vespene_used_current_technology,minerals_lost_army,minerals_lost_economy,minerals_lost_technology,vespene_lost_army,vespene_lost_economy,vespene_lost_technology,minerals_killed_army,minerals_killed_economy,minerals_killed_technology,vespene_killed_army,vespene_killed_economy,vespene_killed_technology,food_used,food_made,minerals_used_active_forces,vespene_used_active_forces,ff_minerals_lost_army,ff_minerals_lost_economy,ff_minerals_lost_technology,ff_vespene_lost_army,ff_vespene_lost_economy,ff_vespene_lost_technology
1,0,50,0,0,0,12,0,0,0,0,0,0,0,1000,0,0,0,0,0,0,0,0,0,0,0,0,0,0,0,0,49152,61440,0,0,0,0,0,0,0,0
0,0,50,0,0,0,12,0,0,0,0,0,0,0,1000,0,0,0,0,0,0,0,0,0,0,0,0,0,0,0,0,49152,61440,0,0,0,0,0,0,0,0
1,10,30,0,251,0,12,0,50,0,0,0,0,0,1000,0,0,0,0,0,0,0,0,0,0,0,0,0,0,0,0,53248,61440,0,0,0,0,0,0,0,0
0,10,30,0,251,0,12,0,50,0,0,0,0,0,1000,0,0,0,0,0,0,0,0,0,0,0,0,0,0,0,0,53248,61440,0,0,0,0,0,0,0,0
1,20,65,0,643,0,13,0,50,0,0,0,0,0,1050,0,0,0,0,0,0,0,0,0,0,0,0,0,0,0,0,57344,61440,0,0,0,0,0,0,0,0
0,20,70,0,671,0,13,0,50,0,0,0,0,0,1050,0,0,0,0,0,0,0,0,0,0,0,0,0,0,0,0,57344,61440,0,0,0,0,0,0,0,0
1,30,40,0,671,0,13,0,150,0,0,0,0,0,1050,0,0,0,0,0,0,0,0,0,0,0,0,0,0,0,0,57344,61440,0,0,0,0,0,0,0,0
0,30,40,0,699,0,13,0,150,0,0,0,0,0,1050,0,0,0,0,0,0,0,0,0,0,0,0,0,0,0,0,57344,61440,0,0,0,0,0,0,0,0
1,40,75,0,643,0,14,0,150,0,0,0,0,0,1100,0,0,0,0,0,0,0,0,0,0,0,0,0,0,0,0,61440,61440,0,0,0,0,0,0,0,0
0,40,75,0,699,0,14,0,150,0,0,0,0,0,1100,0,0,0,0,0,0,0,0,0,0,0,0,0,0,0,0,61440,61440,0,0,0,0,0,0,0,0
1,50,160,0,671,0,14,0,150,0,0,0,0,0,1100,0,0,0,0,0,0,0,0,0,0,0,0,0,0,0,0,61440,61440,0,0,0,0,0,0,0,0
0,50,125,0,755,0,14,0,150,0,0,0,0,0,1100,0,0,0,0,0,0,0,0,0,0,0,0,0,0,0,0,61440,61440,0,0,0,0,0,0,0,0
1,60,40,0,671,0,15,0,50,150,0,0,0,0,1250,0,0,0,0,0,0,0,0,0,0,0,0,0,0,0,0,65536,94208,0,0,0,0,0,0,0,0
0,60,55,0,783,0,15,0,50,150,0,0,0,0,1250,0,0,0,0,0,0,0,0,0,0,0,0,0,0,0,0,65536,94208,0,0,0,0,0,0,0,0
1,70,65,0,783,0,15,0,125,150,0,0,0,0,1250,0,0,0,0,0,0,0,0,0,0,0,0,0,0,0,0,65536,94208,0,0,0,0,0,0,0,0
0,70,80,0,839,0,15,0,125,150,0,0,0,0,1250,0,0,0,0,0,0,0,0,0,0,0,0,0,0,0,0,65536,94208,0,0,0,0,0,0,0,0
1,80,105,0,727,0,16,0,125,150,0,0,0,0,1300,0,0,0,0,0,0,0,0,0,0,0,0,0,0,0,0,69632,94208,0,0,0,0,0,0,0,0
0,80,120,0,755,0,16,0,125,150,0,0,0,0,1300,0,0,0,0,0,0,0,0,0,0,0,0,0,0,0,0,69632,94208,0,0,0,0,0,0,0,0
1,90,95,0,783,0,16,0,125,150,0,0,0,0,1300,0,0,0,0,0,0,0,0,0,0,0,0,0,0,0,0,69632,94208,0,0,0,0,0,0,0,0
0,90,220,0,839,0,17,0,75,150,0,0,0,0,1350,0,0,0,0,0,0,0,0,0,0,0,0,0,0,0,0,69632,94208,0,0,0,0,0,0,0,0
1,100,135,4,783,22,17,0,50,150,0,0,0,0,1425,0,0,0,0,0,0,0,0,0,0,0,0,0,0,0,0,73728,94208,0,0,0,0,0,0,0,0
0,100,265,0,839,0,17,0,50,150,0,0,0,0,1425,0,0,0,0,0,0,0,0,0,0,0,0,0,0,0,0,73728,94208,0,0,0,0,0,0,0,0
1,110,70,20,755,111,18,0,0,150,0,0,0,0,1475,0,0,0,0,0,0,0,0,0,0,0,0,0,0,0,0,73728,94208,0,0,0,0,0,0,0,0
0,110,370,8,839,44,17,0,50,150,0,0,0,0,1425,0,0,0,0,0,0,0,0,0,0,0,0,0,0,0,0,73728,94208,0,0,0,0,0,0,0,0
1,120,35,40,727,156,18,0,50,300,0,0,0,0,1475,0,0,0,0,0,0,0,0,0,0,0,0,0,0,0,0,77824,94208,0,0,0,0,0,0,0,0
0,120,405,28,699,134,18,0,50,150,0,0,0,0,1475,0,0,0,0,0,0,0,0,0,0,0,0,0,0,0,0,77824,94208,0,0,0,0,0,0,0,0
1,130,70,10,727,156,18,50,225,150,50,0,0,0,1475,150,0,0,0,0,0,0,0,0,0,0,0,0,0,0,0,81920,94208,0,0,0,0,0,0,0,0
0,130,505,48,783,179,18,0,50,0,0,0,0,0,1475,150,0,0,0,0,0,0,0,0,0,0,0,0,0,0,0,77824,94208,0,0,0,0,0,0,0,0
1,140,100,30,699,156,19,50,225,150,50,0,0,0,1525,150,0,0,0,0,0,0,0,0,0,0,0,0,0,0,0,86016,94208,0,0,0,0,0,0,0,0
0,140,395,18,783,179,19,50,150,0,50,0,0,0,1525,150,0,0,0,0,0,0,0,0,0,0,0,0,0,0,0,81920,94208,0,0,0,0,0,0,0,0
1,150,30,50,699,156,20,50,325,150,50,0,0,0,1575,150,0,0,0,0,0,0,0,0,0,0,0,0,0,0,0,90112,94208,0,0,0,0,0,0,0,0
0,150,95,34,783,156,19,50,550,0,50,0,0,0,1525,150,0,0,0,0,0,0,0,0,0,0,0,0,0,0,0,81920,94208,0,0,0,0,0,0,0,0
1,160,125,74,727,201,20,50,150,150,50,0,0,0,1750,150,0,0,0,0,0,0,0,0,0,0,0,0,0,0,0,90112,126976,0,0,0,0,0,0,0,0
0,160,205,54,839,156,19,50,550,0,50,0,0,0,1525,150,0,0,0,0,0,0,0,0,0,0,0,0,0,0,0,81920,94208,0,0,0,0,0,0,0,0
1,170,50,60,671,291,21,50,100,150,50,0,0,50,1800,150,50,0,0,0,0,0,0,0,0,0,0,0,0,0,0,94208,126976,50,50,0,0,0,0,0,0
0,170,145,74,839,156,19,50,400,150,50,0,0,0,1675,150,0,0,0,0,0,0,0,0,0,0,0,0,0,0,0,81920,94208,0,0,0,0,0,0,0,0
1,180,30,50,671,335,21,100,150,0,100,0,0,50,1900,300,50,0,0,0,0,0,0,0,0,0,0,0,0,0,0,102400,159744,50,50,0,0,0,0,0,0
0,180,140,94,811,156,19,0,400,150,0,0,0,50,1675,150,50,0,0,0,0,0,0,0,0,0,0,0,0,0,0,81920,94208,50,50,0,0,0,0,0,0
1,190,60,90,671,335,22,100,150,0,100,0,0,50,1950,300,50,0,0,0,0,0,0,0,0,0,0,0,0,0,0,106496,159744,50,50,0,0,0,0,0,0
0,190,130,64,783,179,19,0,550,200,0,0,50,50,1675,150,50,0,0,0,0,0,0,0,0,0,0,0,0,0,0,86016,94208,50,50,0,0,0,0,0,0
1,200,65,26,811,313,22,100,150,0,100,0,0,50,1950,300,50,0,0,0,0,0,0,0,0,0,0,0,0,0,0,106496,159744,50,50,0,0,0,0,0,0
0,200,195,84,895,179,19,0,550,200,0,0,50,50,1675,150,50,0,0,0,0,0,0,0,0,0,0,0,0,0,0,86016,94208,50,50,0,0,0,0,0,0
1,210,20,66,895,313,23,100,0,150,100,0,0,50,2100,300,50,0,0,0,0,0,0,0,0,0,0,0,0,0,0,106496,192512,50,50,0,0,0,0,0,0
0,210,305,100,1063,156,20,0,550,200,0,0,50,50,1725,150,50,0,0,0,0,0,0,0,0,0,0,0,0,0,0,90112,94208,50,50,0,0,0,0,0,0
1,220,110,106,867,335,23,100,0,150,100,0,0,100,2100,300,100,0,0,0,0,0,0,0,0,0,0,0,0,0,0,110592,192512,100,100,0,0,0,0,0,0
0,220,410,120,951,156,21,0,400,200,0,0,50,50,1875,150,50,0,0,0,0,0,0,0,0,0,0,0,0,0,0,90112,126976,50,50,0,0,0,0,0,0
1,230,130,46,923,335,23,100,0,150,100,0,0,150,2100,300,150,0,0,0,0,0,0,0,0,0,50,0,0,0,0,114688,192512,150,150,0,0,0,0,0,0
0,230,535,140,1007,156,20,0,400,200,0,0,50,50,1825,150,50,0,0,0,50,0,0,0,0,0,0,0,0,0,0,86016,126976,50,50,0,0,0,0,0,0
1,240,230,82,867,335,23,100,0,150,100,0,0,150,2100,300,150,0,0,0,0,0,0,0,0,0,150,0,0,0,0,114688,192512,150,150,0,0,0,0,0,0
0,240,545,144,951,67,18,100,400,150,0,0,0,50,1725,200,50,0,50,0,150,0,0,0,0,0,0,0,0,0,0,86016,126976,50,50,0,0,0,0,0,0
1,250,340,122,951,335,23,100,0,150,100,0,0,150,2100,300,150,0,0,0,0,0,0,0,0,0,150,0,0,0,0,114688,192512,150,150,0,0,0,0,0,0
0,250,685,152,1007,67,18,100,0,150,0,0,0,50,2125,200,50,0,50,0,150,0,0,0,0,0,0,0,0,0,0,86016,188416,50,50,0,0,0,0,0,0
1,260,440,158,867,313,23,100,0,150,100,0,0,200,2100,300,200,0,0,0,0,0,0,0,0,0,150,0,0,0,0,118784,192512,200,200,0,0,0,0,0,0
0,260,820,160,1035,67,18,100,0,150,0,0,0,50,2125,200,50,0,50,0,150,0,0,0,0,0,0,0,0,0,0,86016,188416,50,50,0,0,0,0,0,0
1,270,510,148,923,313,23,100,0,150,100,0,0,200,2100,300,200,0,0,50,0,0,50,0,0,0,200,0,0,0,0,118784,192512,200,200,0,0,0,0,0,0
0,270,905,160,755,22,17,0,0,150,0,0,0,150,2075,200,50,0,50,0,200,0,0,0,0,50,0,0,50,0,0,81920,188416,150,50,0,0,0,0,0,0
1,280,410,138,923,313,23,100,0,0,100,0,0,200,2100,450,200,0,0,50,0,0,50,0,0,0,300,0,0,0,0,118784,192512,200,200,0,0,0,0,0,0
0,280,910,160,755,0,15,100,0,150,0,0,0,150,1975,200,50,0,50,0,300,0,0,0,0,50,0,0,50,0,0,81920,188416,150,50,0,0,0,0,0,0
1,290,205,78,839,335,23,150,100,150,150,0,0,200,2100,450,200,0,0,50,0,0,50,0,0,0,300,0,0,0,0,122880,192512,200,200,0,0,0,0,0,0
0,290,1015,160,839,0,15,100,0,150,0,0,0,150,1975,200,50,0,50,0,300,0,0,0,0,50,0,0,50,0,0,81920,188416,150,50,0,0,0,0,0,0
1,300,170,118,755,335,23,150,200,275,150,0,0,200,2100,450,200,0,0,50,0,0,50,0,0,0,300,0,0,0,0,122880,192512,200,200,0,0,0,0,0,0
0,300,1115,160,755,0,15,0,0,0,0,0,0,250,1975,350,50,0,50,0,300,0,0,0,0,50,0,0,50,0,0,81920,188416,250,50,0,0,0,0,0,0
1,310,150,54,699,335,23,150,200,275,150,0,0,200,2100,450,200,0,0,100,0,0,100,0,0,50,300,0,50,0,0,122880,192512,200,200,0,0,0,0,0,0
0,310,1050,135,811,0,15,100,0,50,0,0,25,200,1975,350,0,0,50,50,300,0,50,0,0,100,0,0,100,0,0,86016,188416,200,0,0,0,0,0,0,0
1,320,245,94,755,335,23,150,100,275,150,0,0,250,2200,450,250,0,0,100,0,0,100,0,0,50,350,0,50,0,0,126976,225280,250,250,0,0,0,0,0,0
0,320,940,35,755,0,14,100,50,200,0,0,125,200,1925,350,0,0,50,50,350,0,50,0,0,100,0,0,100,0,0,86016,188416,200,0,0,0,0,0,0,0
1,330,340,130,783,313,23,150,0,275,150,0,0,250,2300,450,250,0,0,100,0,0,100,0,0,100,350,0,50,0,0,126976,258048,250,250,0,0,0,0,0,0
0,330,1025,35,727,0,14,100,50,200,0,0,125,150,1925,350,0,0,50,100,350,0,50,0,0,100,0,0,100,0,0,81920,188416,150,0,0,0,0,0,0,0
1,340,430,170,783,313,23,150,0,150,150,0,0,250,2300,575,250,0,0,150,0,0,150,0,0,100,600,0,50,0,0,126976,258048,250,250,0,0,0,0,0,0
0,340,1085,35,587,0,10,0,0,150,0,0,100,250,1725,400,0,0,75,100,600,0,50,0,0,150,0,0,150,0,0,61440,188416,250,0,0,0,0,0,0,0
1,350,380,60,783,335,23,150,0,0,150,0,0,150,2300,725,150,0,0,300,0,0,300,0,0,100,600,0,50,0,0,118784,258048,150,150,0,0,0,0,0,0
0,350,1050,35,587,0,10,0,100,150,0,0,100,250,1725,400,0,0,75,100,600,0,50,0,0,300,0,0,300,0,0,69632,188416,250,0,0,0,0,0,0,0
1,360,435,50,895,335,23,200,0,0,200,0,0,200,2300,725,200,0,0,300,0,0,300,0,0,100,600,0,50,0,0,126976,258048,200,200,0,0,0,0,0,0
0,360,1015,35,559,0,10,0,100,150,0,0,100,250,1725,400,0,0,75,100,600,0,50,0,0,300,0,0,300,0,0,69632,188416,250,0,0,0,0,0,0,0
1,370,145,86,867,313,23,200,0,0,200,0,0,200,2300,725,200,0,0,300,0,0,300,0,0,100,600,0,50,0,0,126976,258048,200,200,0,0,0,0,0,0
0,370,925,35,531,0,12,150,100,150,0,0,100,250,1825,400,0,0,75,100,600,0,50,0,0,300,0,0,300,0,0,90112,188416,250,0,0,0,0,0,0,0
1,380,245,126,867,335,23,200,400,0,200,0,0,250,2300,725,250,0,0,300,0,0,300,0,0,150,600,0,50,0,0,131072,258048,250,250,0,0,0,0,0,0
0,380,975,35,531,0,12,150,100,150,0,0,100,200,1825,400,0,0,75,150,600,0,50,0,0,300,0,0,300,0,0,86016,188416,200,0,0,0,0,0,0,0
1,390,355,162,895,313,23,200,400,0,200,0,0,150,2300,725,150,0,0,400,0,0,400,0,0,300,600,0,50,0,0,122880,258048,150,150,0,0,0,0,0,0
0,390,975,35,699,0,14,50,100,150,0,0,100,150,1925,400,0,0,75,300,600,0,50,0,0,400,0,0,400,0,0,81920,188416,150,0,0,0,0,0,0,0
1,400,415,152,867,313,23,200,400,0,200,0,0,200,2300,725,200,0,0,400,0,0,400,0,0,300,650,0,50,0,0,126976,258048,200,200,0,0,0,0,0,0
0,400,960,35,895,0,13,150,100,150,0,0,100,200,1875,400,0,0,75,300,650,0,50,0,0,400,0,0,400,0,0,90112,188416,200,0,0,0,0,0,0,0
1,410,525,192,923,313,23,200,400,0,200,0,0,300,2300,725,300,0,0,400,0,0,400,0,0,300,650,0,50,0,0,135168,258048,300,300,0,0,0,0,0,0
0,410,1060,35,979,0,15,150,0,0,0,0,0,200,1975,550,0,0,175,300,650,0,50,0,0,400,0,0,400,0,0,90112,188416,200,0,0,0,0,0,0,0
1,420,620,232,895,335,23,200,400,0,200,0,0,300,2300,725,300,0,0,400,0,0,400,0,0,300,700,0,50,0,0,135168,258048,300,300,0,0,0,0,0,0
0,420,1015,35,979,0,14,150,0,0,0,0,0,200,1925,550,0,0,175,300,700,0,50,0,0,400,0,0,400,0,0,86016,188416,200,0,0,0,0,0,0,0
1,430,535,72,923,335,23,200,400,0,200,0,0,300,2300,725,300,0,0,450,0,0,450,0,0,300,750,0,50,0,0,135168,258048,300,300,0,0,0,0,0,0
0,430,985,35,1035,0,13,150,0,0,0,0,0,350,1875,550,0,0,175,300,750,0,50,0,0,450,0,0,450,0,0,94208,188416,350,0,0,0,0,0,0,0
1,440,645,108,895,335,23,200,400,0,200,0,0,250,2300,725,250,0,0,550,0,0,550,0,0,300,750,0,50,0,0,131072,258048,250,250,0,0,0,0,0,0
0,440,995,35,979,0,13,150,100,0,0,0,0,350,1875,550,0,0,175,300,750,0,50,0,0,550,0,0,550,0,0,102400,188416,350,0,0,0,0,0,0,0
1,450,655,48,951,335,23,200,400,0,200,0,0,350,2300,725,350,0,0,550,0,0,550,0,0,300,750,0,50,0,0,139264,258048,350,350,0,0,0,0,0,0
0,450,1090,35,1007,0,15,150,0,0,0,0,0,500,1975,550,0,0,175,300,750,0,50,0,0,550,0,0,550,0,0,114688,188416,500,0,0,0,0,0,0,0
1,460,650,84,867,313,23,200,500,0,200,0,0,350,2300,725,350,0,0,550,0,0,550,0,0,300,750,0,50,0,0,139264,258048,350,350,0,0,0,0,0,0
0,460,900,43,783,44,15,150,175,0,0,0,0,500,1975,550,0,0,175,300,750,0,50,0,0,550,0,0,550,0,0,122880,188416,500,0,0,0,0,0,0,0
1,470,660,24,867,313,23,200,500,0,200,0,0,300,2300,725,300,0,0,600,0,0,600,0,0,300,750,0,50,0,0,135168,258048,300,300,0,0,0,0,0,0
0,470,870,63,531,156,15,100,175,100,0,0,0,550,1975,550,0,0,175,300,750,0,50,0,0,600,0,0,600,0,0,122880,188416,550,0,0,0,0,0,0,0
1,480,760,64,811,313,23,200,100,0,200,0,0,350,2700,725,350,0,0,600,0,0,600,0,0,300,850,0,50,0,0,139264,319488,350,350,0,0,0,0,0,0
0,480,775,79,531,156,15,150,175,100,0,0,0,650,1975,550,0,0,175,300,850,0,50,0,0,600,0,0,600,0,0,135168,188416,650,0,0,0,0,0,0,0
1,490,800,54,867,335,23,200,0,0,200,0,0,400,2800,725,400,0,0,600,0,0,600,0,0,300,900,100,50,0,0,143360,352256,400,400,0,0,0,0,0,0
0,490,835,99,503,156,16,150,0,0,0,0,0,650,2100,550,0,0,175,300,900,100,50,0,0,600,0,0,600,0,0,131072,188416,650,0,0,0,0,0,0,0
1,500,915,90,839,313,23,200,0,0,200,0,0,500,2800,725,500,0,0,600,0,0,600,0,0,350,950,100,50,0,0,151552,352256,500,500,0,0,0,0,0,0
0,500,905,127,531,201,15,0,0,0,0,0,0,750,2050,550,0,0,175,350,950,100,50,0,0,600,0,0,600,0,0,122880,188416,750,0,0,0,0,0,0,0
1,510,1020,130,895,335,23,200,0,0,200,0,0,250,2800,725,250,0,0,850,0,0,850,0,0,500,1000,100,50,0,0,131072,352256,250,250,0,0,0,0,0,0
0,510,820,155,587,223,14,150,0,0,0,0,0,600,2000,550,0,0,175,500,1000,100,50,0,0,850,0,0,850,0,0,118784,188416,600,0,0,0,0,0,0,0
1,520,1025,70,923,335,23,200,0,0,200,0,0,250,2800,725,250,0,0,900,0,0,900,0,0,500,1000,100,50,0,0,131072,352256,250,250,0,0,0,0,0,0
0,520,685,183,531,246,14,150,100,0,0,0,0,600,2000,550,0,0,175,500,1000,100,50,0,0,900,0,0,900,0,0,126976,188416,600,0,0,0,0,0,0,0
1,530,1080,56,895,313,23,200,0,0,200,0,0,300,2800,725,300,0,0,900,0,0,900,0,0,500,1000,100,50,0,0,135168,352256,300,300,0,0,0,0,0,0
0,530,615,207,559,223,16,150,100,0,0,0,0,750,2100,550,0,0,175,500,1000,100,50,0,0,900,0,0,900,0,0,147456,188416,750,0,0,0,0,0,0,0
1,540,1040,96,895,313,23,200,100,0,200,0,0,400,2800,725,400,0,0,900,0,0,900,0,0,500,1050,100,50,0,0,151552,352256,400,400,0,0,0,0,0,0
0,540,785,231,615,223,15,100,50,0,0,0,0,750,2050,550,0,0,175,500,1050,100,50,0,0,900,0,0,900,0,0,135168,188416,750,0,0,0,0,0,0,0
1,550,845,36,923,335,23,200,100,0,200,0,0,400,2800,725,400,0,0,900,0,0,900,0,0,500,1050,100,50,0,0,151552,352256,400,400,0,0,0,0,0,0
0,550,760,259,643,223,16,100,50,0,0,0,0,750,2100,550,0,0,175,500,1050,100,50,0,0,900,0,0,900,0,0,139264,188416,750,0,0,0,0,0,0,0
1,560,800,26,867,335,25,200,175,0,200,0,0,400,2900,725,400,0,0,900,0,0,900,0,0,500,1050,100,50,0,0,159744,352256,400,400,0,0,0,0,0,0
0,560,240,112,671,223,16,150,50,0,125,0,0,850,2100,550,0,0,175,500,1050,100,50,0,0,900,0,0,900,0,0,151552,188416,850,0,0,0,0,0,0,0
1,570,900,62,895,335,25,200,250,0,200,0,0,400,2900,725,400,0,0,950,0,0,950,0,0,500,1050,100,50,0,0,159744,352256,400,400,0,0,0,0,0,0
0,570,270,140,671,223,17,150,450,50,125,0,50,850,2150,550,0,0,175,500,1050,100,50,0,0,950,0,0,950,0,0,155648,188416,850,0,0,0,0,0,0,0
1,580,1020,102,951,335,27,200,250,0,200,0,0,450,3000,725,450,0,0,950,0,0,950,0,0,500,1150,100,50,0,0,172032,352256,450,450,0,0,0,0,0,0
0,580,240,164,615,201,15,250,450,50,125,0,50,850,2050,550,0,0,175,500,1150,100,50,0,0,950,0,0,950,0,0,155648,188416,850,0,0,0,0,0,0,0
1,590,1130,142,979,335,27,150,175,0,150,0,0,550,3075,725,550,0,0,950,0,0,950,0,0,500,1300,100,50,0,0,176128,352256,550,550,0,0,0,0,0,0
0,590,240,180,223,156,13,250,450,50,125,0,50,850,1950,550,0,0,175,500,1300,100,50,0,0,950,0,0,950,0,0,147456,188416,850,0,0,0,0,0,0,0
1,600,1255,194,1007,403,29,150,0,0,150,0,0,550,3250,725,550,0,0,950,0,0,950,0,0,550,1400,100,50,0,0,176128,352256,550,550,0,0,0,0,0,0
0,600,265,196,139,134,11,100,450,50,0,0,50,950,1850,550,125,0,175,550,1400,100,50,0,0,950,0,0,950,0,0,135168,188416,950,125,0,0,0,0,0,0
1,610,1295,150,1119,447,29,200,0,0,200,0,0,600,3250,725,600,0,0,950,0,0,950,0,0,600,1400,100,50,0,0,184320,352256,600,600,0,0,0,0,0,0
0,610,325,208,447,111,12,0,400,50,0,0,50,1000,1900,550,125,0,175,600,1400,100,50,0,0,950,0,0,950,0,0,131072,188416,1000,125,0,0,0,0,0,0
1,620,1435,202,1147,447,29,150,0,0,150,0,0,600,3250,725,600,0,0,1000,0,0,1000,0,0,700,1400,100,50,0,0,180224,352256,600,600,0,0,0,0,0,0
0,620,395,224,559,134,12,0,400,0,0,0,0,900,1900,600,125,0,225,700,1400,100,50,0,0,1000,0,0,1000,0,0,122880,188416,900,125,0,0,0,0,0,0
1,630,1420,108,1147,470,29,200,0,0,200,0,0,450,3250,725,450,0,0,1200,0,0,1200,0,0,850,1400,100,50,0,0,172032,352256,450,450,0,0,0,0,0,0
0,630,455,240,559,134,12,0,400,0,0,0,0,750,1900,600,125,0,225,850,1400,100,50,0,0,1200,0,0,1200,0,0,110592,188416,750,125,0,0,0,0,0,0
1,640,1570,160,1175,470,29,200,0,0,200,0,0,450,3250,725,450,0,0,1200,0,0,1200,0,0,850,1400,100,50,0,0,172032,352256,450,450,0,0,0,0,0,0
0,640,180,127,587,111,12,350,400,0,125,0,0,750,1900,600,125,0,225,850,1400,100,50,0,0,1200,0,0,1200,0,0,139264,188416,750,125,0,0,0,0,0,0
1,650,1695,212,1063,447,29,150,0,0,150,0,0,550,3250,725,550,0,0,1200,0,0,1200,0,0,850,1400,100,50,0,0,176128,352256,550,550,0,0,0,0,0,0
0,650,255,143,587,134,12,350,400,0,125,0,0,750,1900,600,125,0,225,850,1400,100,50,0,0,1200,0,0,1200,0,0,139264,188416,750,125,0,0,0,0,0,0
1,660,1745,164,1147,447,29,200,0,0,200,0,0,500,3250,725,500,0,0,1250,0,0,1250,0,0,900,1400,100,50,0,0,176128,352256,500,500,0,0,0,0,0,0
0,660,165,155,587,111,12,350,400,0,125,0,0,700,1900,600,125,0,225,900,1400,100,50,0,0,1250,0,0,1250,0,0,135168,188416,700,125,0,0,0,0,0,0
1,670,1735,220,1119,447,29,200,100,0,200,0,0,500,3250,725,500,0,0,1250,0,0,1250,0,0,900,1400,100,50,0,0,184320,352256,500,500,0,0,0,0,0,0
0,670,235,171,559,111,12,300,400,0,125,0,0,900,1900,600,125,0,225,900,1400,100,50,0,0,1250,0,0,1250,0,0,147456,188416,900,125,0,0,0,0,0,0
1,680,1845,284,1063,515,29,150,100,0,150,0,0,600,3250,725,600,0,0,1250,0,0,1250,0,0,900,1400,100,50,0,0,188416,352256,600,600,0,0,0,0,0,0
0,680,315,187,587,134,12,150,400,0,0,0,0,1050,1900,600,250,0,225,900,1400,100,50,0,0,1250,0,0,1250,0,0,147456,188416,1050,250,0,0,0,0,0,0
1,690,1715,264,951,649,31,150,100,0,150,0,0,600,3350,725,600,0,0,1250,0,0,1250,0,0,900,1400,100,50,0,0,196608,352256,600,600,0,0,0,0,0,0
0,690,225,203,559,134,12,150,400,0,0,0,0,1200,1900,600,250,0,225,900,1400,100,50,0,0,1250,0,0,1250,0,0,159744,188416,1200,250,0,0,0,0,0,0
1,700,1735,265,979,649,31,50,100,200,50,0,125,700,3350,725,700,0,0,1250,0,0,1250,0,0,900,1400,100,50,0,0,196608,352256,700,700,0,0,0,0,0,0
0,700,90,215,559,111,12,150,500,0,0,0,0,1200,1900,600,250,0,225,900,1400,100,50,0,0,1250,0,0,1250,0,0,167936,188416,1200,250,0,0,0,0,0,0
1,710,1845,341,1035,671,33,50,50,250,50,0,175,700,3450,725,700,0,0,1250,0,0,1250,0,0,900,1400,100,50,0,0,200704,352256,700,700,0,0,0,0,0,0
0,710,40,231,699,134,14,150,500,0,0,0,0,1250,2000,600,250,0,225,900,1400,100,50,0,0,1250,0,0,1250,0,0,180224,188416,1250,250,0,0,0,0,0,0
1,720,1980,417,1091,649,34,0,0,250,0,0,175,750,3500,725,750,0,0,1250,0,0,1250,0,0,900,1400,100,50,0,0,200704,352256,750,750,0,0,0,0,0,0
0,720,175,243,1091,111,14,50,500,0,0,0,0,1350,2000,600,250,0,225,900,1400,100,50,0,0,1250,0,0,1250,0,0,180224,188416,1350,250,0,0,0,0,0,0
1,730,1915,293,1119,627,34,0,0,300,0,0,250,750,3500,775,750,0,25,1250,0,0,1250,0,0,900,1400,100,50,0,0,200704,352256,750,750,0,0,0,0,0,0
0,730,120,259,1455,134,16,0,500,0,0,0,0,1400,2100,600,250,0,225,900,1400,100,50,0,0,1250,0,0,1250,0,0,188416,188416,1400,250,0,0,0,0,0,0
1,740,1845,323,1147,627,34,100,0,300,25,0,250,750,3500,775,750,0,25,1250,0,0,1250,0,0,900,1400,100,50,0,0,208896,352256,750,750,0,0,0,0,0,0
0,740,165,275,1483,134,16,0,500,125,0,0,0,1400,2100,600,250,0,225,900,1400,100,50,0,0,1250,0,0,1250,0,0,188416,188416,1400,250,0,0,0,0,0,0
1,750,1490,403,1203,649,34,100,300,300,25,0,250,750,3500,775,750,0,25,1250,0,0,1250,0,0,900,1400,100,50,0,0,208896,352256,750,750,0,0,0,0,0,0
0,750,120,287,1455,111,18,0,400,125,0,0,0,1400,2200,600,250,0,225,900,1400,100,50,0,0,1250,0,0,1250,0,0,188416,188416,1400,250,0,0,0,0,0,0
1,760,1630,483,1147,671,34,100,500,100,25,0,100,750,3500,975,750,0,175,1250,0,0,1250,0,0,900,1400,100,50,0,0,208896,352256,750,750,0,0,0,0,0,0
0,760,175,303,1511,111,18,0,600,125,0,0,0,1400,2200,600,250,0,225,900,1400,100,50,0,0,1250,0,0,1250,0,0,188416,188416,1400,250,0,0,0,0,0,0
1,770,1555,559,1119,694,34,200,500,100,25,0,100,850,3500,975,775,0,175,1250,0,0,1250,0,0,900,1400,100,50,0,0,225280,352256,850,775,0,0,0,0,0,0
0,770,180,190,1371,111,18,0,600,0,0,0,0,1400,2200,725,250,0,225,900,1400,100,50,0,0,1250,0,0,1250,0,0,188416,188416,1400,250,0,0,0,0,0,0
1,780,1690,635,1119,671,34,200,200,0,25,0,0,700,3800,1075,625,0,275,1400,0,0,1400,0,0,1000,1400,100,50,0,0,212992,352256,700,625,0,0,0,0,0,0
0,780,340,206,1399,111,18,50,650,0,0,0,0,1300,2200,725,250,0,225,1000,1400,100,50,0,0,1400,0,0,1400,0,0,188416,188416,1300,250,0,0,0,0,0,0
1,790,1820,707,1091,627,34,200,0,0,25,0,0,400,4000,1075,225,0,275,1800,0,0,1800,0,0,1550,1400,100,50,0,0,188416,417792,400,225,0,0,0,0,0,0
0,790,495,222,1287,134,18,350,500,0,125,0,0,750,2400,725,250,0,225,1550,1400,100,50,0,0,1800,0,0,1800,0,0,172032,253952,750,250,0,0,0,0,0,0
1,800,1965,787,1203,627,34,100,0,0,0,0,0,450,4000,1075,200,0,275,1850,0,0,1850,0,0,1700,1500,100,50,0,0,184320,417792,450,200,0,0,0,0,0,0
0,800,505,238,951,134,18,350,400,0,125,0,0,600,2400,725,250,0,225,1700,1500,100,50,0,0,1850,0,0,1850,0,0,151552,253952,600,250,0,0,0,0,0,0
1,810,2100,867,1147,627,34,100,0,0,0,0,0,450,4000,1075,200,0,275,1850,0,0,1850,0,0,1700,1550,100,50,0,0,184320,417792,450,200,0,0,0,0,0,0
0,810,480,250,699,111,17,350,400,0,125,0,0,800,2350,725,250,0,225,1700,1550,100,50,0,0,1850,0,0,1850,0,0,163840,253952,800,250,0,0,0,0,0,0
1,820,2250,947,1231,649,34,0,0,0,0,0,0,450,4000,1075,100,0,275,1950,0,0,1950,0,0,1750,1550,100,50,0,0,176128,417792,450,100,0,0,0,0,0,0
0,820,455,266,587,134,17,350,500,0,125,0,0,750,2350,725,250,0,225,1750,1550,100,50,0,0,1950,0,0,1950,0,0,167936,253952,750,250,0,0,0,0,0,0
1,830,1580,973,1119,649,34,400,0,0,25,0,0,450,4000,1075,100,0,275,1950,0,0,1950,0,0,1750,1550,100,50,0,0,208896,417792,450,100,0,0,0,0,0,0
0,830,230,278,559,111,19,150,300,0,0,0,0,950,2850,725,375,0,225,1750,1550,100,50,0,0,1950,0,0,1950,0,0,176128,315392,950,375,0,0,0,0,0,0
1,840,1555,949,1091,671,34,400,0,0,25,0,0,450,4000,1075,100,0,275,1950,0,0,1950,0,0,1750,1550,100,50,0,0,208896,417792,450,100,0,0,0,0,0,0
0,840,170,169,671,134,19,150,300,0,125,0,0,1100,2850,725,375,0,225,1750,1550,100,50,0,0,1950,0,0,1950,0,0,188416,315392,1100,375,0,0,0,0,0,0
1,850,1675,1004,1287,671,34,400,0,200,25,0,125,750,4000,1075,100,0,275,1950,0,0,1950,0,0,1750,1550,100,50,0,0,233472,417792,750,100,0,0,0,0,0,0
0,850,140,185,699,134,21,150,300,0,125,0,0,1100,2950,725,375,0,225,1750,1550,100,50,0,0,1950,0,0,1950,0,0,196608,315392,1100,375,0,0,0,0,0,0
1,860,1550,976,1679,627,34,400,200,200,25,0,125,850,4000,1075,125,0,275,1950,0,0,1950,0,0,1750,1550,100,50,0,0,241664,417792,850,125,0,0,0,0,0,0
0,860,100,197,811,111,21,300,100,0,125,0,0,1100,3150,725,375,0,225,1750,1550,100,50,0,0,1950,0,0,1950,0,0,208896,380928,1100,375,0,0,0,0,0,0
1,870,1640,1031,1651,627,34,400,200,150,25,0,100,850,4000,1125,125,0,300,1950,0,0,1950,0,0,1750,1550,100,50,0,0,241664,417792,850,125,0,0,0,0,0,0
0,870,90,213,755,111,23,300,100,0,125,0,0,1100,3250,725,375,0,225,1750,1550,100,50,0,0,1950,0,0,1950,0,0,217088,380928,1100,375,0,0,0,0,0,0
1,880,1415,1111,1735,649,34,400,200,150,25,0,100,1150,4000,1125,125,0,300,1950,0,0,1950,0,0,1750,1550,100,50,0,0,266240,417792,1150,125,0,0,0,0,0,0
0,880,85,225,1091,111,23,0,250,0,0,0,0,1400,3250,725,500,0,225,1750,1550,100,50,0,0,1950,0,0,1950,0,0,217088,380928,1400,500,0,0,0,0,0,0
1,890,1585,1191,1483,671,34,400,100,150,25,0,100,1250,4200,1125,150,0,300,1950,0,0,1950,0,0,1750,1550,100,50,0,0,274432,483328,1250,150,0,0,0,0,0,0
0,890,210,241,1175,111,25,0,150,0,0,0,0,1400,3350,725,500,0,225,1750,1550,100,50,0,0,1950,0,0,1950,0,0,217088,380928,1400,500,0,0,0,0,0,0
1,900,1735,1242,1623,671,34,100,100,50,25,0,25,1550,4200,1275,150,0,400,1950,0,0,1950,0,0,1750,1550,100,50,0,0,274432,483328,1550,150,0,0,0,0,0,0
0,900,80,132,1455,134,25,250,200,0,125,0,0,1400,3350,725,500,0,225,1750,1550,100,50,0,0,1950,0,0,1950,0,0,241664,380928,1400,500,0,0,0,0,0,0
1,910,1815,1318,1595,671,34,100,200,50,25,0,25,1550,4200,1275,150,0,400,1950,0,0,1950,0,0,1750,1550,100,50,0,0,274432,483328,1550,150,0,0,0,0,0,0
0,910,125,148,1651,134,25,250,350,0,125,0,0,1400,3350,725,500,0,225,1750,1550,100,50,0,0,1950,0,0,1950,0,0,241664,380928,1400,500,0,0,0,0,0,0
1,920,2000,1390,1595,627,34,0,100,0,0,0,0,1650,4300,1325,175,0,425,1950,0,0,1950,0,0,1750,1550,100,50,0,0,274432,516096,1650,175,0,0,0,0,0,0
0,920,225,160,1763,111,26,200,150,0,125,0,0,1500,3550,725,500,0,225,1750,1550,100,50,0,0,1950,0,0,1950,0,0,245760,380928,1500,500,0,0,0,0,0,0
1,930,2090,1370,1595,627,34,0,100,0,0,0,0,1650,4300,1325,175,0,425,1950,0,0,1950,0,0,1750,1550,100,50,0,0,274432,516096,1650,175,0,0,0,0,0,0
0,930,181,176,1651,134,26,250,150,0,125,0,0,1500,3550,725,500,0,225,1750,1550,100,50,0,0,1950,0,0,1950,0,0,249856,380928,1500,500,0,0,0,0,0,0
1,940,2080,1350,1315,627,34,150,0,0,100,0,0,1650,4400,1325,175,0,425,1950,0,0,1950,0,0,1750,1550,100,50,0,0,286720,548864,1650,175,0,0,0,0,0,0
0,940,146,188,1791,111,26,100,200,300,0,0,0,1650,3550,725,625,0,225,1750,1550,100,50,0,0,1950,0,0,1950,0,0,253952,380928,1650,625,0,0,0,0,0,0
1,950,1270,1180,1175,649,34,600,0,0,225,0,0,1650,4400,1325,175,0,425,1950,0,0,1950,0,0,1750,1550,100,50,0,0,323584,548864,1650,175,0,0,0,0,0,0
0,950,136,204,1763,134,26,100,100,300,0,0,0,1750,3700,725,625,0,225,1750,1550,100,50,0,0,1950,0,0,1950,0,0,266240,380928,1750,625,0,0,0,0,0,0
1,960,1160,1110,1175,671,34,700,0,0,250,0,0,1650,4400,1325,175,0,425,1950,0,0,1950,0,0,1750,1550,100,50,0,0,331776,548864,1650,175,0,0,0,0,0,0
0,960,171,220,1931,134,27,200,150,300,0,0,0,1750,3750,725,625,0,225,1750,1550,100,50,0,0,1950,0,0,1950,0,0,282624,380928,1750,625,0,0,0,0,0,0
1,970,1030,1082,1175,671,34,700,0,275,250,0,100,1850,4400,1325,175,0,425,1950,0,0,1950,0,0,1750,1550,100,50,0,0,348160,548864,1850,175,0,0,0,0,0,0
0,970,301,232,2015,111,29,200,150,300,0,0,0,1750,3850,725,625,0,225,1750,1550,100,50,0,0,1950,0,0,1950,0,0,290816,380928,1750,625,0,0,0,0,0,0
1,980,940,1062,1119,671,34,700,100,400,250,0,200,1950,4400,1325,175,0,425,1950,0,0,1950,0,0,1750,1550,100,50,0,0,356352,548864,1950,175,0,0,0,0,0,0
0,980,211,248,2015,111,31,100,225,300,0,0,0,1950,3950,725,625,0,225,1750,1550,100,50,0,0,1950,0,0,1950,0,0,307200,380928,1950,625,0,0,0,0,0,0
1,990,905,1034,1007,627,34,700,100,400,250,0,200,2200,4400,1325,325,0,425,1950,0,0,1950,0,0,1750,1550,100,50,0,0,376832,548864,2200,325,0,0,0,0,0,0
0,990,366,260,2043,111,33,100,250,300,0,0,0,1950,4050,725,625,0,225,1750,1550,100,50,0,0,1950,0,0,1950,0,0,311296,380928,1950,625,0,0,0,0,0,0
1,1000,1020,1114,1007,627,34,400,100,275,250,0,200,2650,4400,1450,425,0,425,1950,0,0,1950,0,0,1750,1550,100,50,0,0,389120,548864,2650,425,0,0,0,0,0,0
0,1000,341,76,2043,111,34,0,200,125,0,0,0,2050,4100,1025,625,0,225,1750,1550,100,50,0,0,1950,0,0,1950,0,0,311296,380928,2050,625,0,0,0,0,0,0
1,1010,360,994,1035,649,34,700,0,300,250,0,200,2650,4500,1575,425,0,525,1950,0,0,1950,0,0,1750,1550,100,50,0,0,413696,581632,2650,425,0,0,0,0,0,0
0,1010,366,17,2071,134,35,0,75,525,0,0,175,2050,4225,1025,625,0,225,1750,1550,100,50,0,0,1950,0,0,1950,0,0,311296,380928,2050,625,0,0,0,0,0,0
1,1020,390,1074,1035,671,34,600,0,300,225,0,200,2750,4500,1575,450,0,525,1950,0,0,1950,0,0,1750,1550,100,50,0,0,413696,581632,2750,450,0,0,0,0,0,0
0,1020,161,41,2155,179,35,200,0,675,0,0,175,2050,4300,1025,625,0,225,1750,1550,100,50,0,0,1950,0,0,1950,0,0,327680,380928,2050,625,0,0,0,0,0,0
1,1030,520,1150,1147,649,34,600,0,300,225,0,200,2750,4500,1575,450,0,525,1950,0,0,1950,0,0,1750,1550,100,50,0,0,413696,581632,2750,450,0,0,0,0,0,0
0,1030,221,69,2183,246,35,200,0,800,0,0,150,2050,4300,1200,625,0,250,1750,1550,100,50,0,0,1950,0,0,1950,0,0,327680,380928,2050,625,0,0,0,0,0,0
1,1040,490,1051,1063,671,34,450,0,150,100,0,100,3200,4500,1725,575,0,625,1950,0,0,1950,0,0,1750,1550,100,50,0,0,438272,581632,3200,575,0,0,0,0,0,0
0,1040,251,113,1847,335,35,200,150,800,0,0,150,2050,4300,1200,625,0,250,1750,1550,100,50,0,0,1950,0,0,1950,0,0,339968,380928,2050,625,0,0,0,0,0,0
1,1050,485,1023,1175,627,34,450,0,150,100,0,100,3200,4500,1725,575,0,625,1950,0,0,1950,0,0,1750,1550,100,50,0,0,438272,581632,3200,575,0,0,0,0,0,0
0,1050,281,165,1651,447,35,150,150,600,0,0,150,2250,4300,1400,625,0,250,1750,1550,100,50,0,0,1950,0,0,1950,0,0,352256,380928,2250,625,0,0,0,0,0,0
1,1060,635,1103,1203,627,34,200,0,0,100,0,0,3650,4500,1875,675,0,725,1950,0,0,1950,0,0,1750,1550,100,50,0,0,454656,581632,3650,675,0,0,0,0,0,0
0,1060,306,96,1651,470,38,300,0,450,125,0,100,2250,4450,1550,625,0,300,1750,1550,100,50,0,0,1950,0,0,1950,0,0,364544,380928,2250,625,0,0,0,0,0,0
1,1070,370,1183,1175,627,34,200,0,0,100,0,0,3650,4500,1875,675,0,725,1950,0,0,1950,0,0,1750,1550,100,50,0,0,454656,581632,3650,675,0,0,0,0,0,0
0,1070,221,156,1455,492,38,350,150,300,125,0,0,2250,4450,1700,625,0,400,1750,1550,100,50,0,0,1950,0,0,1950,0,0,380928,380928,2250,625,0,0,0,0,0,0
1,1080,525,1263,1231,649,34,200,0,0,100,0,0,3650,4500,1875,675,0,725,1950,0,0,1950,0,0,1750,1550,100,50,0,0,454656,581632,3650,675,0,0,0,0,0,0
0,1080,51,236,1287,649,38,200,300,0,125,0,0,2400,4450,2000,625,0,400,1750,1550,100,50,0,0,1950,0,0,1950,0,0,380928,380928,2400,625,0,0,0,0,0,0
1,1090,670,1343,1259,671,34,150,0,0,100,0,0,3700,4500,1875,675,0,725,1950,0,0,1950,0,0,1750,1550,100,50,0,0,454656,581632,3700,675,0,0,0,0,0,0
0,1090,26,112,1259,649,41,200,150,50,125,0,50,2400,4600,2000,625,0,400,1750,1550,100,50,0,0,1950,0,0,1950,0,0,380928,380928,2400,625,0,0,0,0,0,0
1,1100,815,1419,1315,694,34,150,400,0,100,0,0,3700,4500,1875,675,0,725,1950,0,0,1950,0,0,1750,1550,100,50,0,0,454656,581632,3700,675,0,0,0,0,0,0
0,1100,181,188,1343,649,41,0,150,100,0,0,100,2600,4600,2000,750,0,400,1750,1550,100,50,0,0,1950,0,0,1950,0,0,380928,380928,2600,750,0,0,0,0,0,0
1,1110,600,1220,1203,671,34,300,400,0,225,0,0,3700,4500,1875,675,0,725,1950,0,0,1950,0,0,1750,1550,100,50,0,0,466944,581632,3700,675,0,0,0,0,0,0
0,1110,381,264,1399,627,41,0,0,100,0,0,100,2600,4750,2000,750,0,400,1750,1550,100,50,0,0,1950,0,0,1950,0,0,380928,380928,2600,750,0,0,0,0,0,0
1,1120,555,1292,1259,627,34,300,500,0,225,0,0,3850,4500,1875,775,0,725,1950,0,0,1950,0,0,1750,1550,100,50,0,0,479232,581632,3850,775,0,0,0,0,0,0
0,1120,256,360,1371,739,41,0,0,100,0,0,100,2600,4750,2000,750,0,400,1750,1550,100,50,0,0,1950,0,0,1950,0,0,380928,380928,2600,750,0,0,0,0,0,0
1,1130,675,1372,1119,627,34,300,600,0,225,0,0,3850,4500,1875,775,0,725,1950,0,0,1950,0,0,1750,1550,100,50,0,0,479232,581632,3850,775,0,0,0,0,0,0
0,1130,151,231,1483,783,41,0,0,250,0,0,200,2600,4750,2000,750,0,400,1750,1550,100,50,0,0,1950,0,0,1950,0,0,380928,380928,2600,750,0,0,0,0,0,0
1,1140,805,1452,1091,627,34,300,600,0,225,0,0,3850,4500,1875,775,0,725,1950,0,0,1950,0,0,1750,1550,100,50,0,0,479232,581632,3850,775,0,0,0,0,0,0
0,1140,301,323,1259,783,41,0,0,200,0,0,150,2600,4750,2050,750,0,450,1750,1550,100,50,0,0,1950,0,0,1950,0,0,380928,380928,2600,750,0,0,0,0,0,0
1,1150,845,1532,1119,671,34,300,500,0,225,0,0,3850,4600,1875,775,0,725,1950,0,0,1950,0,0,1750,1550,100,50,0,0,479232,614400,3850,775,0,0,0,0,0,0
0,1150,476,415,1371,783,41,0,0,150,0,0,100,2600,4750,2100,750,0,500,1750,1550,100,50,0,0,1950,0,0,1950,0,0,380928,380928,2600,750,0,0,0,0,0,0
1,1160,960,1608,1035,649,34,150,500,0,100,0,0,4000,4700,1875,900,0,725,1950,0,0,1950,0,0,1750,1550,100,50,0,0,479232,647168,4000,900,0,0,0,0,0,0
0,1160,631,503,1231,783,41,0,0,150,0,0,100,2600,4750,2100,750,0,500,1750,1550,100,50,0,0,1950,0,0,1950,0,0,380928,380928,2600,750,0,0,0,0,0,0
1,1170,930,1509,1119,671,34,150,500,0,100,0,0,4000,4700,1875,900,0,725,1950,0,0,1950,0,0,1750,1550,100,50,0,0,479232,647168,4000,900,0,0,0,0,0,0
0,1170,531,595,1287,761,41,0,0,150,0,0,100,2600,4750,2100,750,0,500,1750,1550,100,50,0,0,1950,0,0,1950,0,0,380928,380928,2600,750,0,0,0,0,0,0
1,1180,1060,1589,1091,671,34,0,500,0,0,0,0,4150,4700,1875,1000,0,725,1950,0,0,1950,0,0,1750,1550,100,50,0,0,479232,647168,4150,1000,0,0,0,0,0,0
0,1180,681,687,1091,761,41,0,0,0,0,0,0,2600,4750,2250,750,0,600,1750,1550,100,50,0,0,1950,0,0,1950,0,0,380928,380928,2600,750,0,0,0,0,0,0
1,1190,1060,1561,1119,627,34,150,400,0,100,0,0,4150,4800,1875,1000,0,725,1950,0,0,1950,0,0,1750,1550,100,50,0,0,491520,679936,4150,1000,0,0,0,0,0,0
0,1190,691,633,1567,783,41,0,0,150,0,0,100,2600,4750,2250,750,0,600,1750,1550,100,50,0,0,1950,0,0,1950,0,0,380928,380928,2600,750,0,0,0,0,0,0
1,1200,1020,1441,1231,627,34,350,0,0,300,0,0,4150,5200,1875,1000,0,725,1950,0,0,1950,0,0,1750,1550,100,50,0,0,507904,741376,4150,1000,0,0,0,0,0,0
0,1200,526,354,1791,783,41,0,0,150,0,0,100,2600,4750,2250,750,0,600,1750,1550,100,50,0,0,1950,0,0,1950,0,0,380928,380928,2600,750,0,0,0,0,0,0
1,1210,750,1321,1175,649,34,350,100,0,300,0,0,4150,5200,1875,1000,0,725,1950,0,0,1950,0,0,1750,1550,100,50,0,0,507904,741376,4150,1000,0,0,0,0,0,0
0,1210,181,446,1847,783,41,0,0,350,0,0,100,2600,4750,2250,750,0,600,1750,1550,100,50,0,0,1950,0,0,1950,0,0,380928,380928,2600,750,0,0,0,0,0,0
1,1220,780,1401,1035,671,34,350,300,0,300,0,0,4150,5200,1875,1000,0,725,1950,0,0,1950,0,0,1750,1550,100,50,0,0,507904,741376,4150,1000,0,0,0,0,0,0
0,1220,361,538,1511,783,41,0,0,450,0,0,100,2600,4750,2250,750,0,600,1750,1550,100,50,0,0,1950,0,0,1950,0,0,380928,380928,2600,750,0,0,0,0,0,0
1,1230,520,1227,1091,671,34,350,450,0,300,0,0,4150,5200,1875,1000,0,725,1950,0,0,1950,0,0,1750,1550,100,50,0,0,507904,741376,4150,1000,0,0,0,0,0,0
0,1230,236,650,1679,918,41,0,300,450,0,0,100,2600,4750,2250,750,0,600,1750,1550,100,50,0,0,1950,0,0,1950,0,0,380928,380928,2600,750,0,0,0,0,0,0
1,1240,675,1303,1259,671,34,350,350,0,300,0,0,4350,5300,1875,1200,0,725,1950,0,0,1950,0,0,1750,1550,100,50,0,0,524288,774144,4350,1200,0,0,0,0,0,0
0,1240,226,562,1623,940,41,0,300,0,0,0,0,2600,4750,2700,750,0,700,1750,1550,100,50,0,0,1950,0,0,1950,0,0,380928,380928,2600,750,0,0,0,0,0,0
1,1250,575,1175,1315,627,34,350,150,0,300,0,0,4500,5500,1875,1300,0,725,1950,0,0,1950,0,0,1750,1550,100,50,0,0,536576,839680,4500,1300,0,0,0,0,0,0
0,1250,346,632,1651,963,41,0,300,0,0,0,0,2600,4750,2700,750,0,700,1750,1550,100,50,0,0,1950,0,0,1950,0,0,380928,380928,2600,750,0,0,0,0,0,0
1,1260,600,1153,1343,615,34,350,150,0,300,0,0,4500,5500,1875,1300,0,725,1950,0,0,1950,0,0,1750,1550,100,50,0,0,536576,839680,4500,1300,0,0,0,0,0,0
0,1260,531,752,1707,963,41,900,150,0,325,0,0,2600,5050,2700,750,0,700,1750,1550,100,50,0,0,1950,0,0,1950,0,0,466944,479232,2600,750,0,0,0,0,0,0
1,1270,625,1213,1567,503,34,350,0,0,300,0,0,4500,5650,1875,1300,0,725,1950,0,0,1950,0,0,1750,1550,100,50,0,0,536576,839680,4500,1300,0,0,0,0,0,0
0,1270,656,868,1427,985,41,900,150,0,325,0,0,2600,5050,2700,750,0,700,1750,1550,100,50,0,0,1950,0,0,1950,0,0,466944,479232,2600,750,0,0,0,0,0,0
1,1280,785,1273,1567,470,34,350,0,0,300,0,0,4500,5650,1875,1300,0,725,1950,0,0,1950,0,0,1750,1550,100,50,0,0,536576,839680,4500,1300,0,0,0,0,0,0
0,1280,651,988,1091,1007,44,900,150,0,325,0,0,2600,5200,2700,750,0,700,1750,1550,100,50,0,0,1950,0,0,1950,0,0,479232,479232,2600,750,0,0,0,0,0,0
1,1290,950,1333,1483,492,34,150,150,0,100,0,0,4700,5650,1875,1500,0,725,1950,0,0,1950,0,0,1750,1550,100,50,0,0,536576,839680,4700,1500,0,0,0,0,0,0
0,1290,681,975,1315,1007,47,350,0,0,325,0,0,3150,5350,2700,750,0,700,1750,1550,100,50,0,0,1950,0,0,1950,0,0,479232,479232,3150,750,0,0,0,0,0,0
1,1300,1120,1393,1539,537,34,150,150,0,100,0,0,4700,5650,1875,1500,0,725,1950,0,0,1950,0,0,1750,1550,100,50,0,0,536576,839680,4700,1500,0,0,0,0,0,0
0,1300,856,1091,1399,985,47,0,0,0,0,0,0,3500,5350,2700,1075,0,700,1750,1550,100,50,0,0,1950,0,0,1950,0,0,479232,479232,3500,1075,0,0,0,0,0,0
1,1310,1160,1349,1623,515,34,150,150,0,100,0,0,4850,5650,1875,1600,0,725,1950,0,0,1950,0,0,1750,1550,100,50,0,0,548864,839680,4850,1600,0,0,0,0,0,0
0,1310,846,1203,1483,940,47,0,0,0,0,0,0,3500,5350,2700,1075,0,700,1750,1550,100,50,0,0,1950,0,0,1950,0,0,479232,479232,3500,1075,0,0,0,0,0,0
1,1320,35,749,1595,459,34,800,0,0,425,0,0,4850,5800,1875,1600,0,725,1950,0,0,1950,0,0,1750,1550,100,50,0,0,602112,839680,4850,1600,0,0,0,0,0,0
0,1320,1006,1323,1343,963,47,0,0,0,0,0,0,3500,5350,2700,1075,0,700,1750,1550,100,50,0,0,1950,0,0,1950,0,0,479232,479232,3500,1075,0,0,0,0,0,0
1,1330,205,789,1511,347,34,800,0,0,425,0,0,4850,5800,1875,1600,0,725,1950,0,0,1950,0,0,1750,1550,100,50,0,0,602112,839680,4850,1600,0,0,0,0,0,0
0,1330,926,1443,1371,963,47,0,0,0,0,0,0,3500,5350,2700,1075,0,700,1750,1550,100,50,0,0,1950,0,0,1950,0,0,479232,479232,3500,1075,0,0,0,0,0,0
1,1340,325,829,1063,313,28,800,0,0,425,0,0,4850,5500,1875,1600,0,725,1950,300,0,1950,0,0,1750,1550,100,50,0,0,577536,839680,4850,1600,0,0,0,0,0,0
0,1340,1101,1559,1455,985,47,0,0,0,0,0,0,3500,5350,2700,1075,0,700,1750,1550,100,50,0,0,1950,300,0,1950,0,0,479232,479232,3500,1075,0,0,0,0,0,0
1,1350,25,853,531,223,16,800,150,0,425,0,0,5150,4900,1875,1600,0,725,1950,900,0,1950,0,0,1950,1550,100,50,0,0,565248,839680,5150,1600,0,0,0,0,0,0
0,1350,1281,1675,1455,985,47,100,100,0,0,0,0,3300,5350,2700,1075,0,700,1950,1550,100,50,0,0,1950,900,0,1950,0,0,479232,479232,3300,1075,0,0,0,0,0,0
1,1360,25,889,391,246,18,800,150,0,425,0,0,5500,5000,1875,1925,0,725,1950,950,0,1950,0,0,2250,1550,100,50,0,0,602112,839680,5500,1925,0,0,0,0,0,0
0,1360,856,1487,1455,985,47,400,100,0,0,0,0,3000,5350,2700,1075,0,700,2250,1550,100,50,0,0,1950,950,0,1950,0,0,479232,479232,3000,1075,0,0,0,0,0,0
1,1370,100,925,503,313,18,500,150,0,425,0,0,5950,5000,1875,2025,0,725,1950,950,0,1950,0,0,2250,1550,100,50,0,0,614400,839680,5950,2025,0,0,0,0,0,0
0,1370,821,1603,1483,963,49,1300,50,100,425,0,0,3000,5450,2700,1075,0,700,2250,1550,100,50,0,0,1950,950,0,1950,0,0,540672,544768,3000,1075,0,0,0,0,0,0
1,1380,85,865,1007,335,21,500,100,0,425,0,0,5950,5150,1875,2025,0,725,1950,950,0,1950,0,0,2250,1550,100,50,0,0,622592,839680,5950,2025,0,0,0,0,0,0
0,1380,486,1715,1371,918,50,950,50,200,425,0,0,3350,5500,2700,1075,0,700,2250,1550,100,50,0,0,1950,950,0,1950,0,0,544768,544768,3350,1075,0,0,0,0,0,0
1,1390,135,805,1399,335,21,500,100,0,425,0,0,5950,5150,1875,2025,0,725,1950,950,0,1950,0,0,2250,1550,100,50,0,0,622592,839680,5950,2025,0,0,0,0,0,0
0,1390,236,1815,1259,828,50,750,50,800,425,0,0,3550,5500,2700,1075,0,700,2250,1550,100,50,0,0,1950,950,0,1950,0,0,544768,544768,3550,1075,0,0,0,0,0,0
1,1400,130,841,1371,313,23,300,150,125,225,0,100,6150,5250,1875,2225,0,725,1950,950,0,1950,0,0,2250,1550,100,50,0,0,634880,839680,6150,2225,0,0,0,0,0,0
0,1400,106,1740,1231,851,51,750,0,700,425,0,0,3550,5550,2900,1075,0,700,2250,1550,100,50,0,0,1950,950,0,1950,0,0,544768,544768,3550,1075,0,0,0,0,0,0
1,1410,250,909,979,470,24,150,100,125,100,0,100,6300,5300,1875,2350,0,725,1950,950,0,1950,0,0,2250,1550,100,50,0,0,634880,839680,6300,2350,0,0,0,0,0,0
0,1410,246,1844,1231,895,51,0,0,300,0,0,0,4300,5550,3300,1500,0,700,2250,1550,100,50,0,0,1950,950,0,1950,0,0,544768,544768,4300,1500,0,0,0,0,0,0
1,1420,370,989,923,649,26,150,0,0,100,0,0,6300,5400,2000,2350,0,825,1950,950,0,1950,0,0,2250,1550,100,50,0,0,634880,839680,6300,2350,0,0,0,0,0,0
0,1420,406,1936,1315,828,51,0,0,0,0,0,0,4300,5550,3600,1500,0,700,2250,1550,100,50,0,0,1950,950,0,1950,0,0,544768,544768,4300,1500,0,0,0,0,0,0
1,1430,50,819,951,671,26,300,150,0,225,0,0,6450,5400,2000,2450,0,825,1950,950,0,1950,0,0,2250,1550,100,50,0,0,671744,839680,6450,2450,0,0,0,0,0,0
0,1430,106,1811,1315,806,51,0,0,0,0,0,0,4300,5550,3600,1500,0,700,2250,1550,100,50,0,0,1950,950,0,1950,0,0,544768,544768,4300,1500,0,0,0,0,0,0
1,1440,205,895,1147,649,29,300,0,0,225,0,0,6450,5550,2000,2450,0,825,1950,950,0,1950,0,0,2250,1550,100,50,0,0,671744,839680,6450,2450,0,0,0,0,0,0
0,1440,426,1982,1399,783,51,500,0,0,150,0,0,4300,5550,3600,1500,0,700,2250,1550,100,50,0,0,1950,950,0,1950,0,0,577536,577536,4300,1500,0,0,0,0,0,0
1,1450,430,971,1623,649,29,300,0,0,225,0,0,6450,5550,2000,2450,0,825,1950,950,0,1950,0,0,2250,1550,100,50,0,0,671744,839680,6450,2450,0,0,0,0,0,0
0,1450,576,2086,1343,828,51,500,0,0,150,0,0,4300,5550,3600,1500,0,700,2250,1550,100,50,0,0,1950,950,0,1950,0,0,577536,577536,4300,1500,0,0,0,0,0,0
1,1460,115,622,1315,649,29,300,0,0,225,0,0,6450,5550,2000,2450,0,825,1950,950,0,1950,0,0,2250,1550,100,50,0,0,671744,839680,6450,2450,0,0,0,0,0,0
0,1460,736,2190,1371,851,51,300,0,0,150,0,0,4500,5550,3600,1500,0,700,2250,1550,100,50,0,0,1950,950,0,1950,0,0,577536,577536,4500,1500,0,0,0,0,0,0
1,1470,225,702,923,649,29,300,0,0,225,0,0,6450,5550,2000,2450,0,825,1950,950,0,1950,0,0,2250,1550,100,50,0,0,671744,839680,6450,2450,0,0,0,0,0,0
0,1470,781,2090,1287,873,51,300,0,0,150,0,0,4500,5550,3600,1500,0,700,2250,1550,100,50,0,0,1950,950,0,1950,0,0,577536,577536,4500,1500,0,0,0,0,0,0
1,1480,145,578,951,627,29,500,0,0,425,0,0,6600,5550,2000,2575,0,825,1950,950,0,1950,0,0,2250,1550,100,50,0,0,700416,839680,6600,2575,0,0,0,0,0,0
0,1480,546,2186,1371,851,51,0,0,0,0,0,0,4800,5550,3600,1650,0,700,2250,1550,100,50,0,0,1950,950,0,1950,0,0,577536,577536,4800,1650,0,0,0,0,0,0
1,1490,0,458,979,671,29,500,0,0,425,0,0,6750,5550,2000,2675,0,825,1950,950,0,1950,0,0,2250,1550,100,50,0,0,712704,839680,6750,2675,0,0,0,0,0,0
0,1490,271,1857,1287,828,51,0,400,0,0,0,0,4800,5550,3600,1650,0,700,2250,1550,100,50,0,0,1950,950,0,1950,0,0,577536,577536,4800,1650,0,0,0,0,0,0
1,1500,20,538,923,671,29,500,100,0,425,0,0,6750,5550,2000,2675,0,825,1950,950,0,1950,0,0,2250,1550,100,50,0,0,720896,839680,6750,2675,0,0,0,0,0,0
0,1500,146,1803,1427,783,51,0,400,0,0,0,0,4800,5550,3600,1650,0,700,2250,1550,100,50,0,0,1950,950,0,1950,0,0,577536,577536,4800,1650,0,0,0,0,0,0
1,1510,80,610,923,649,29,500,150,0,425,0,0,6750,5550,2000,2675,0,825,1950,950,0,1950,0,0,2250,1550,100,50,0,0,724992,839680,6750,2675,0,0,0,0,0,0
0,1510,231,1907,1539,828,51,500,500,0,350,0,0,4800,5550,3600,1650,0,700,2250,1550,100,50,0,0,1950,950,0,1950,0,0,618496,643072,4800,1650,0,0,0,0,0,0
1,1520,140,590,1231,649,32,350,0,0,300,0,0,6900,5700,2000,2800,0,825,1950,950,0,1950,0,0,2250,1550,100,50,0,0,724992,839680,6900,2800,0,0,0,0,0,0
0,1520,411,2011,1483,851,53,500,400,0,350,0,0,4800,5650,3600,1650,0,700,2250,1550,100,50,0,0,1950,950,0,1950,0,0,618496,643072,4800,1650,0,0,0,0,0,0
1,1530,95,616,1315,649,32,400,0,0,250,0,0,7100,5700,2000,3000,0,825,1950,950,0,1950,0,0,2250,1550,100,50,0,0,745472,839680,7100,3000,0,0,0,0,0,0
0,1530,281,2111,1819,851,53,700,400,0,350,0,0,4900,5650,3600,1650,0,700,2250,1550,100,50,0,0,1950,950,0,1950,0,0,643072,643072,4900,1650,0,0,0,0,0,0
1,1540,110,671,1371,649,32,450,0,0,250,0,0,7100,5700,2000,3000,0,825,1950,950,0,1950,0,0,2250,1550,100,50,0,0,749568,839680,7100,3000,0,0,0,0,0,0
0,1540,266,2211,1595,873,53,700,400,200,350,0,0,4900,5650,3600,1650,0,700,2250,1550,100,50,0,0,1950,950,0,1950,0,0,643072,643072,4900,1650,0,0,0,0,0,0
1,1550,255,747,1287,649,32,450,0,0,250,0,0,7250,5700,2000,3100,0,825,1950,950,0,1950,0,0,2250,1550,100,50,0,0,761856,839680,7250,3100,0,0,0,0,0,0
0,1550,461,2299,1511,806,53,100,400,200,200,0,0,5500,5650,3600,1800,0,700,2250,1550,100,50,0,0,1950,950,0,1950,0,0,643072,643072,5500,1800,0,0,0,0,0,0
1,1560,410,827,1231,671,32,400,0,0,250,0,0,7400,5700,2000,3125,0,825,1950,950,0,1950,0,0,2250,1550,100,50,0,0,770048,839680,7400,3125,0,0,0,0,0,0
0,1560,661,2399,1623,806,53,100,400,100,200,0,0,5500,5650,3700,1800,0,700,2250,1550,100,50,0,0,1950,950,0,1950,0,0,643072,643072,5500,1800,0,0,0,0,0,0
1,1570,570,903,1343,649,32,400,0,0,250,0,0,7400,5700,2000,3125,0,825,1950,950,0,1950,0,0,2250,1550,100,50,0,0,770048,839680,7400,3125,0,0,0,0,0,0
0,1570,846,2503,1483,828,53,0,400,0,0,0,0,5600,5650,3800,2000,0,700,2250,1550,100,50,0,0,1950,950,0,1950,0,0,643072,643072,5600,2000,0,0,0,0,0,0
1,1580,750,979,1455,649,32,250,0,0,125,0,0,7550,5700,2000,3250,0,825,1950,950,0,1950,0,0,2250,1550,100,50,0,0,770048,839680,7550,3250,0,0,0,0,0,0
0,1580,1066,2607,1679,851,53,0,400,0,0,0,0,5600,5650,3800,2000,0,700,2250,1550,100,50,0,0,1950,950,0,1950,0,0,643072,643072,5600,2000,0,0,0,0,0,0
1,1590,945,1059,1567,671,32,150,0,0,100,0,0,7650,5700,2000,3275,0,825,1950,950,0,1950,0,0,2250,1550,100,50,0,0,770048,839680,7650,3275,0,0,0,0,0,0
0,1590,1256,2707,1651,828,53,50,0,0,0,0,0,5600,6050,3800,2000,0,700,2250,1550,100,50,0,0,1950,950,0,1950,0,0,647168,704512,5600,2000,0,0,0,0,0,0
1,1600,1100,1135,1427,649,32,150,0,0,100,0,0,7650,5700,2000,3275,0,825,1950,950,0,1950,0,0,2250,1550,100,50,0,0,770048,839680,7650,3275,0,0,0,0,0,0
0,1600,1466,2801,1735,839,53,50,0,0,0,0,0,5600,6050,3800,2000,0,700,2250,1550,100,50,0,0,1950,950,0,1950,0,0,647168,704512,5600,2000,0,0,0,0,0,0
1,1610,1235,1211,1119,627,32,0,0,0,0,0,0,7050,5700,2000,3125,0,825,2700,950,0,2200,0,0,4950,1550,100,375,0,0,708608,839680,7050,3125,0,0,0,0,0,0
0,1610,1681,2881,1735,727,53,0,0,0,0,0,0,2950,6050,3800,1675,0,700,4950,1550,100,375,0,0,2700,950,0,2200,0,0,425984,704512,2950,1675,0,0,0,0,0,0
0,1619,1871,2957,1735,694,53,0,0,0,0,0,0,2050,6050,3800,1175,0,700,5850,1550,100,875,0,0,3200,950,0,2300,0,0,352256,704512,2050,1175,0,0,0,0,0,0
0,1619,1871,2957,1735,694,53,0,0,0,0,0,0,2050,6050,3800,1175,0,700,5850,1550,100,875,0,0,3200,950,0,2300,0,0,352256,704512,2050,1175,0,0,0,0,0,0
1,1619,1370,1283,1147,649,32,0,0,0,0,0,0,6550,5700,2000,3025,0,825,3200,950,0,2300,0,0,5850,1550,100,875,0,0,667648,839680,6550,3025,0,0,0,0,0,0
